CREATE DATABASE  IF NOT EXISTS `ie_test` /*!40100 DEFAULT CHARACTER SET latin1 */;
USE `ie_test`;
-- MySQL dump 10.13  Distrib 8.0.25, for Win64 (x86_64)
--
-- Host: localhost    Database: ie_test
-- ------------------------------------------------------
-- Server version	5.7.34-log

/*!40101 SET @OLD_CHARACTER_SET_CLIENT=@@CHARACTER_SET_CLIENT */;
/*!40101 SET @OLD_CHARACTER_SET_RESULTS=@@CHARACTER_SET_RESULTS */;
/*!40101 SET @OLD_COLLATION_CONNECTION=@@COLLATION_CONNECTION */;
/*!50503 SET NAMES utf8 */;
/*!40103 SET @OLD_TIME_ZONE=@@TIME_ZONE */;
/*!40103 SET TIME_ZONE='+00:00' */;
/*!40014 SET @OLD_UNIQUE_CHECKS=@@UNIQUE_CHECKS, UNIQUE_CHECKS=0 */;
/*!40014 SET @OLD_FOREIGN_KEY_CHECKS=@@FOREIGN_KEY_CHECKS, FOREIGN_KEY_CHECKS=0 */;
/*!40101 SET @OLD_SQL_MODE=@@SQL_MODE, SQL_MODE='NO_AUTO_VALUE_ON_ZERO' */;
/*!40111 SET @OLD_SQL_NOTES=@@SQL_NOTES, SQL_NOTES=0 */;

--
-- Table structure for table `booked_services`
--

DROP TABLE IF EXISTS `booked_services`;
/*!40101 SET @saved_cs_client     = @@character_set_client */;
/*!50503 SET character_set_client = utf8mb4 */;
CREATE TABLE `booked_services` (
  `offer_ID` int(11) NOT NULL,
  `service_ID` int(11) NOT NULL,
  PRIMARY KEY (`offer_ID`,`service_ID`),
  KEY `service_ID` (`service_ID`),
  CONSTRAINT `booked_services_ibfk_2` FOREIGN KEY (`service_ID`) REFERENCES `service` (`service_ID`) ON DELETE CASCADE,
  CONSTRAINT `booked_services_ibfk_3` FOREIGN KEY (`offer_ID`) REFERENCES `offer` (`offer_ID`)
) ENGINE=InnoDB DEFAULT CHARSET=latin1;
/*!40101 SET character_set_client = @saved_cs_client */;

--
-- Dumping data for table `booked_services`
--

LOCK TABLES `booked_services` WRITE;
/*!40000 ALTER TABLE `booked_services` DISABLE KEYS */;
INSERT INTO `booked_services` VALUES (1,1),(2,1),(16,1),(18,1),(49,1),(13,2),(15,2),(20,2),(51,2),(9,3),(15,3),(23,3),(59,3),(45,4),(45,6),(2,7),(16,8),(29,8),(36,8),(9,9),(29,9),(49,9),(51,9),(53,9),(16,10),(22,10),(23,11),(31,11),(29,14),(34,15),(56,15),(8,18),(18,20),(51,20),(12,21),(45,21),(56,21),(49,22),(42,23),(1,24),(42,24),(59,25),(7,26),(38,26),(51,26),(15,29),(32,30),(51,30),(41,32),(43,34),(25,35),(40,35),(2,37),(18,38),(21,39),(61,43),(25,44),(57,44),(32,45),(38,47),(58,47),(47,49),(9,50),(53,50),(24,55),(56,55),(4,57),(24,57),(56,57),(3,58),(10,58),(52,61),(59,63),(21,73),(21,74),(7,77),(51,77),(39,78),(9,79),(24,79),(57,79),(26,85),(31,88),(21,90),(44,92),(30,93),(35,94),(25,98),(61,98),(53,100),(26,103),(25,105),(39,110),(46,112),(57,113),(20,115),(24,125),(6,126),(50,126),(39,128),(43,129),(11,131),(15,137),(23,137),(29,137),(43,139),(15,143),(10,149),(61,151),(26,153),(14,163),(12,165),(61,171),(60,187),(15,190),(27,195),(27,199),(41,200),(5,205),(21,207),(54,223),(45,227),(19,236),(42,240),(57,260),(62,262),(26,266),(48,266),(17,269),(21,277),(29,283),(22,287),(51,304),(13,309),(8,310),(50,317),(2,333),(28,335),(1,340),(36,353),(60,353),(59,354),(5,385),(53,388),(38,393),(53,393),(12,400),(16,405),(53,407),(21,417),(18,419),(33,430),(37,438),(2,443),(38,455),(61,472),(58,474),(55,479),(47,498);
/*!40000 ALTER TABLE `booked_services` ENABLE KEYS */;
UNLOCK TABLES;

--
-- Table structure for table `calculated_services`
--

DROP TABLE IF EXISTS `calculated_services`;
/*!40101 SET @saved_cs_client     = @@character_set_client */;
/*!50503 SET character_set_client = utf8mb4 */;
CREATE TABLE `calculated_services` (
  `request_ID` int(11) NOT NULL,
  `service_ID` int(11) NOT NULL,
  `price_per_event` int(11) DEFAULT NULL,
  `request_booking` set('Y') DEFAULT NULL,
  `accept_booking` set('Y','N') DEFAULT NULL,
  `booking_status` set('waiting','approved','declined') DEFAULT NULL,
  PRIMARY KEY (`request_ID`,`service_ID`),
  KEY `service_ID` (`service_ID`),
  CONSTRAINT `calculated_services_ibfk_1` FOREIGN KEY (`request_ID`) REFERENCES `request` (`request_ID`) ON DELETE CASCADE,
  CONSTRAINT `calculated_services_ibfk_2` FOREIGN KEY (`service_ID`) REFERENCES `service` (`service_ID`) ON DELETE CASCADE
) ENGINE=InnoDB DEFAULT CHARSET=latin1;
/*!40101 SET character_set_client = @saved_cs_client */;

--
-- Dumping data for table `calculated_services`
--

LOCK TABLES `calculated_services` WRITE;
/*!40000 ALTER TABLE `calculated_services` DISABLE KEYS */;
INSERT INTO `calculated_services` VALUES (1,1,232,'Y','Y','approved'),(1,24,912,'Y','Y','approved'),(1,340,272,'Y','Y','approved'),(2,85,1499,NULL,NULL,NULL),(2,389,474,NULL,NULL,NULL),(3,1,232,'Y','Y','approved'),(3,7,123,'Y','Y','approved'),(3,37,651,'Y','Y','approved'),(3,105,859,NULL,NULL,NULL),(3,143,1333,'Y','N','declined'),(3,240,661,NULL,NULL,NULL),(3,333,907,'Y','Y','approved'),(3,367,891,'Y','N','declined'),(3,395,365,NULL,NULL,NULL),(3,443,882,'Y','Y','approved'),(4,58,8413,'Y','Y','approved'),(4,63,862,NULL,NULL,NULL),(5,70,783,'Y','N','declined'),(6,57,2613,'Y','Y','approved'),(6,248,123,NULL,NULL,NULL),(6,407,902,NULL,NULL,NULL),(9,285,658,NULL,NULL,NULL),(9,366,5610,NULL,NULL,NULL),(10,32,100,NULL,NULL,NULL),(10,139,7888,NULL,NULL,NULL),(10,205,314,'Y','Y','approved'),(10,385,8352,'Y','Y','approved'),(11,126,6118,'Y','Y','approved'),(11,163,387,NULL,NULL,NULL),(11,204,57,NULL,NULL,NULL),(12,40,375,NULL,NULL,NULL),(12,53,231,NULL,NULL,NULL),(13,21,171,NULL,NULL,NULL),(13,26,336,'Y','Y','approved'),(13,77,605,'Y','Y','approved'),(13,349,131,'Y','N','declined'),(13,407,902,NULL,NULL,NULL),(14,18,603,'Y','Y','approved'),(14,310,162,'Y','Y','approved'),(15,3,482,'Y','Y','approved'),(15,9,1522,'Y','Y','approved'),(15,50,54,'Y','Y','approved'),(15,79,3087,'Y','Y','approved'),(16,389,474,NULL,NULL,NULL),(16,496,1706,'Y','N','declined'),(17,58,2491,'Y','Y','approved'),(17,149,810,'Y','Y','approved'),(17,249,642,NULL,NULL,NULL),(18,131,591,'Y','Y','approved'),(19,15,54,NULL,NULL,NULL),(19,21,114,'Y','Y','approved'),(19,165,3146,'Y','Y','approved'),(19,400,5808,'Y','Y','approved'),(19,423,301,NULL,NULL,NULL),(20,2,1848,'Y','Y','approved'),(20,90,1073,NULL,NULL,NULL),(20,214,1232,NULL,NULL,NULL),(20,309,63,'Y','Y','approved'),(20,391,1216,NULL,NULL,NULL),(21,163,387,'Y','Y','approved'),(21,293,1242,NULL,NULL,NULL),(22,2,1848,'Y','Y','approved'),(22,3,482,'Y','Y','approved'),(22,29,675,'Y','Y','approved'),(22,39,759,NULL,NULL,NULL),(22,130,431,'Y','N','declined'),(22,137,282,'Y','Y','approved'),(22,143,1161,'Y','Y','approved'),(22,190,638,'Y','Y','approved'),(22,322,839,NULL,NULL,NULL),(23,1,232,'Y','Y','approved'),(23,8,103,'Y','Y','approved'),(23,10,10800,'Y','Y','approved'),(23,97,5,'Y','N','declined'),(23,129,24,NULL,NULL,NULL),(23,395,365,NULL,NULL,NULL),(23,405,4752,'Y','Y','approved'),(25,269,555,'Y','Y','approved'),(25,416,540,NULL,NULL,NULL),(26,1,232,'Y','Y','approved'),(26,20,468,'Y','Y','approved'),(26,38,417,'Y','Y','approved'),(26,230,88,NULL,NULL,NULL),(26,419,123,'Y','Y','approved'),(27,1,232,'Y',NULL,'waiting'),(27,236,291,'Y','Y','approved'),(27,378,2346,NULL,NULL,NULL),(27,465,2754,NULL,NULL,NULL),(27,493,154,NULL,NULL,NULL),(29,2,1848,'Y','Y','approved'),(29,115,5248,'Y','Y','approved'),(29,193,1536,NULL,NULL,NULL),(30,39,759,'Y','Y','approved'),(30,73,1041,'Y','Y','approved'),(30,74,665,'Y','Y','approved'),(30,90,656,'Y','Y','approved'),(30,154,300,NULL,NULL,NULL),(30,207,4947,'Y','Y','approved'),(30,277,14259,'Y','Y','approved'),(30,417,474,'Y','Y','approved'),(31,10,3400,'Y','Y','approved'),(31,197,701,NULL,NULL,NULL),(31,287,888,'Y','Y','approved'),(33,3,482,'Y','Y','approved'),(33,11,7452,'Y','Y','approved'),(33,137,188,'Y','Y','approved'),(33,251,324,NULL,NULL,NULL),(34,55,2530,'Y','Y','approved'),(34,57,715,'Y','Y','approved'),(34,79,1155,'Y','Y','approved'),(34,125,2035,'Y','Y','approved'),(34,181,1028,NULL,NULL,NULL),(35,35,512,'Y','Y','approved'),(35,44,6396,'Y','Y','approved'),(35,98,592,'Y','Y','approved'),(35,105,859,'Y','Y','approved'),(37,85,1499,'Y','Y','approved'),(37,103,213,'Y','Y','approved'),(37,153,5490,'Y','Y','approved'),(37,266,499,'Y','Y','approved'),(38,45,258,'Y','N','declined'),(38,195,2479,'Y','Y','approved'),(38,199,1005,'Y','Y','approved'),(38,230,264,NULL,NULL,NULL),(39,82,197,NULL,NULL,NULL),(39,335,112,'Y','Y','approved'),(40,8,103,'Y','Y','approved'),(40,9,1323,'Y','Y','approved'),(40,14,1332,'Y','Y','approved'),(40,137,188,'Y','Y','approved'),(40,283,3405,'Y','Y','approved'),(41,21,114,NULL,NULL,NULL),(42,40,250,NULL,NULL,NULL),(43,93,459,'Y','Y','approved'),(43,330,93,NULL,NULL,NULL),(44,11,8748,'Y','Y','approved'),(44,88,282,'Y','Y','approved'),(44,416,909,'Y','N','declined'),(45,30,427,'Y','Y','approved'),(45,45,258,'Y','Y','approved'),(47,99,6223,'Y',NULL,'waiting'),(47,257,281,NULL,NULL,NULL),(47,430,1323,'Y','Y','approved'),(48,219,2438,NULL,NULL,NULL),(48,404,2226,'Y','N','declined'),(49,15,81,'Y','Y','approved'),(50,94,10906,'Y','Y','approved'),(50,169,1697,'Y','N','declined'),(50,282,879,NULL,NULL,NULL),(51,8,103,'Y','Y','approved'),(51,206,192,'Y','N','declined'),(51,282,879,'Y','N','declined'),(51,353,742,'Y','Y','approved'),(51,430,1323,NULL,NULL,NULL),(52,97,5,'Y','N','declined'),(52,366,9207,'Y','N','declined'),(52,438,71,'Y','Y','approved'),(53,26,504,'Y','Y','approved'),(53,47,2156,'Y','Y','approved'),(53,393,1225,'Y','Y','approved'),(53,455,494,'Y','Y','approved'),(54,78,87,'Y','Y','approved'),(54,110,128,'Y','Y','approved'),(54,128,5250,'Y','Y','approved'),(55,35,1302,'Y','Y','approved'),(55,458,462,NULL,NULL,NULL),(56,91,889,NULL,NULL,NULL),(56,335,224,NULL,NULL,NULL),(56,361,500,NULL,NULL,NULL),(58,301,1316,'Y','N','declined'),(60,8,103,NULL,NULL,NULL),(60,44,1846,'Y',NULL,'waiting'),(62,32,100,'Y','Y','approved'),(62,87,17,NULL,NULL,NULL),(62,130,431,'Y','N','declined'),(62,200,575,'Y','Y','approved'),(62,486,1530,NULL,NULL,NULL),(66,114,385,'Y','N','declined'),(66,184,1276,NULL,NULL,NULL),(66,199,2190,NULL,NULL,NULL),(66,403,324,NULL,NULL,NULL),(67,23,137,'Y','Y','approved'),(67,24,912,'Y','Y','approved'),(67,106,109,NULL,NULL,NULL),(67,240,661,'Y','Y','approved'),(68,34,23,'Y','Y','approved'),(68,107,39,NULL,NULL,NULL),(68,129,24,'Y','Y','approved'),(68,139,1836,'Y','Y','approved'),(69,92,957,'Y','Y','approved'),(69,122,105,NULL,NULL,NULL),(70,4,381,'Y','Y','approved'),(70,6,123,'Y','Y','approved'),(70,21,171,'Y','Y','approved'),(70,22,6080,NULL,NULL,NULL),(70,227,2736,'Y','Y','approved'),(71,112,612,'Y','Y','approved'),(71,288,928,NULL,NULL,NULL),(71,359,175,NULL,NULL,NULL),(73,242,914,NULL,NULL,NULL),(73,261,456,NULL,NULL,NULL),(73,285,658,'Y','N','declined'),(74,49,936,'Y','Y','approved'),(74,92,957,NULL,NULL,NULL),(74,255,3960,NULL,NULL,NULL),(74,271,546,NULL,NULL,NULL),(74,498,183,'Y','Y','approved'),(75,24,912,NULL,NULL,NULL),(75,50,162,'Y',NULL,'waiting'),(75,137,282,'Y',NULL,'waiting'),(75,143,1075,NULL,NULL,NULL),(75,202,897,NULL,NULL,NULL),(75,266,499,'Y','Y','approved'),(75,308,18,NULL,NULL,NULL),(76,1,232,'Y','Y','approved'),(76,9,1522,'Y','Y','approved'),(76,22,10880,'Y','Y','approved'),(76,176,8976,NULL,NULL,NULL),(77,126,6762,'Y','Y','approved'),(77,170,363,NULL,NULL,NULL),(77,317,315,'Y','Y','approved'),(78,2,1848,'Y','Y','approved'),(78,9,735,'Y','Y','approved'),(78,20,468,'Y','Y','approved'),(78,26,840,'Y','Y','approved'),(78,30,427,'Y','Y','approved'),(78,77,605,'Y','Y','approved'),(78,304,75,'Y','Y','approved'),(79,61,2220,'Y','Y','approved'),(80,62,3588,NULL,NULL,NULL),(81,9,1522,'Y','Y','approved'),(81,50,162,'Y','Y','approved'),(81,100,326,'Y','Y','approved'),(81,388,575,'Y','Y','approved'),(81,393,625,'Y','Y','approved'),(81,407,902,'Y','Y','approved'),(82,129,72,NULL,NULL,NULL),(82,428,213,NULL,NULL,NULL),(84,223,207,'Y','Y','approved'),(84,418,7479,NULL,NULL,NULL),(85,268,2867,NULL,NULL,NULL),(85,405,1342,NULL,NULL,NULL),(85,468,866,NULL,NULL,NULL),(86,50,108,NULL,NULL,NULL),(86,173,751,'Y','N','declined'),(86,214,1232,NULL,NULL,NULL),(86,356,256,NULL,NULL,NULL),(86,479,294,'Y','Y','approved'),(87,15,81,'Y','Y','approved'),(87,21,171,'Y','Y','approved'),(87,55,4140,'Y','Y','approved'),(87,57,1170,'Y','Y','approved'),(87,256,360,NULL,NULL,NULL),(89,44,1170,'Y','Y','approved'),(89,79,945,'Y','Y','approved'),(89,113,2250,'Y','Y','approved'),(89,260,307,'Y','Y','approved'),(89,416,360,'Y','N','declined'),(90,47,13024,'Y','Y','approved'),(90,474,915,'Y','Y','approved'),(92,3,482,'Y','Y','approved'),(92,25,187,'Y','Y','approved'),(92,63,862,'Y','Y','approved'),(92,354,432,'Y','Y','approved'),(93,366,4653,NULL,NULL,NULL),(93,420,3102,'Y','N','declined'),(95,35,1280,NULL,NULL,NULL),(95,187,672,'Y','Y','approved'),(95,353,742,'Y','Y','approved'),(95,394,3102,NULL,NULL,NULL),(96,18,603,NULL,NULL,NULL),(96,43,2666,'Y','Y','approved'),(96,98,592,'Y','Y','approved'),(96,151,250,'Y','Y','approved'),(96,171,416,'Y','Y','approved'),(96,314,792,'Y','N','declined'),(96,424,438,'Y','N','declined'),(96,472,1471,'Y','Y','approved'),(99,186,922,'Y','N','declined'),(100,5,228,'Y',NULL,'waiting'),(100,7,82,'Y',NULL,'waiting'),(100,46,234,'Y',NULL,'waiting'),(100,262,924,'Y','Y','approved');
/*!40000 ALTER TABLE `calculated_services` ENABLE KEYS */;
UNLOCK TABLES;

--
-- Table structure for table `client`
--

DROP TABLE IF EXISTS `client`;
/*!40101 SET @saved_cs_client     = @@character_set_client */;
/*!50503 SET character_set_client = utf8mb4 */;
CREATE TABLE `client` (
  `client_id` int(11) NOT NULL AUTO_INCREMENT,
  `company_name` text,
  `VAT` text,
  `contact_person` text,
  `phone` text,
  `email` text,
  `address` text,
  PRIMARY KEY (`client_id`)
) ENGINE=InnoDB AUTO_INCREMENT=1001 DEFAULT CHARSET=latin1;
/*!40101 SET character_set_client = @saved_cs_client */;

--
-- Dumping data for table `client`
--

LOCK TABLES `client` WRITE;
/*!40000 ALTER TABLE `client` DISABLE KEYS */;
INSERT INTO `client` VALUES (1,'Anderson, Parisian and Lemke','EE990408043','Edeline Dowd','+37251186682','edowd0@ovh.net','4292 Nevada Trail'),(2,'Swaniawski, Bernier and Shields','EE701448364','Astrid Burril','+37259084654','aburril1@biglobe.ne.jp','711 Granby Center'),(3,'Hamill-Johnston','EE849365490','Wally Renals','+37251921766','wrenals2@jigsy.com','5 Montana Court'),(4,'Hagenes-VonRueden','EE711181838','Teddie Redbourn','+37253780821','tredbourn3@nationalgeographic.com','3740 Packers Lane'),(5,'Medhurst, Daugherty and Barton','EE424512218','Reginald Gobell','+37256122465','rgobell4@merriam-webster.com','76 Hermina Court'),(6,'Hilll, Harber and Feeney','EE566011605','Baxie Schrinel','+37251982579','bschrinel5@webmd.com','43 Derek Pass'),(7,'Glover-Flatley','EE534692423','Brita Anwyl','+37256250459','banwyl6@unc.edu','789 Carey Hill'),(8,'Wintheiser and Sons','EE565165251','Hynda Pidgley','+37259192671','hpidgley7@squidoo.com','27044 Vermont Pass'),(9,'Pouros, Wisozk and Funk','EE399633524','Evered Domingues','+37253279279','edomingues8@yandex.ru','00 Muir Point'),(10,'Morissette, Kunde and Corkery','EE066357574','Kissee Ohanessian','+37259381624','kohanessian9@wp.com','3682 Aberg Road'),(11,'Swift, Gibson and Jast','EE389523402','Orlan Blaxter','+37254788105','oblaxtera@geocities.com','536 West Circle'),(12,'Kertzmann-Pagac','EE495546040','Vernor Broadberrie','+37254946341','vbroadberrieb@surveymonkey.com','70284 Jana Junction'),(13,'Kuvalis-Bechtelar','EE750590826','Cleopatra Henri','+37256644743','chenric@hubpages.com','2851 Southridge Alley'),(14,'Erdman and Sons','EE947233800','Burtie Readwing','+37253442817','breadwingd@xing.com','25 Utah Place'),(15,'Conroy and Sons','EE357883153','Karyl Laffin','+37257322754','klaffine@ucsd.edu','392 Forest Plaza'),(16,'Bechtelar and Sons','EE009270824','Sherwin Semonin','+37258218442','ssemoninf@lycos.com','2817 Lindbergh Drive'),(17,'Lockman-Bartell','EE884551814','','+37253518518','bgoldsteing@dion.ne.jp','3641 3rd Way'),(18,'Stracke and Sons','EE345554148','Johanna Castletine','+37251351234','jcastletineh@microsoft.com','67100 Rigney Point'),(19,'Lindgren Inc','EE741503007','','+37254446110','gdoerfferi@drupal.org','4252 Wayridge Place'),(20,'Veum and Sons','EE207833761','Jose Verdun','+37253426701','jverdunj@tiny.cc','1517 Judy Court'),(21,'Bartoletti, Walsh and Green','EE441096068','Chaunce Griffin','+37259821337','cgriffink@usda.gov','491 Pleasure Lane'),(22,'Monahan, Berge and Gutmann','EE833502275','Laurice Cockney','+37257534599','lcockneyl@ted.com','066 Manitowish Circle'),(23,'Hirthe, Monahan and Huel','EE487269243','Gunter Fudger','+37254330572','gfudgerm@tmall.com','44 Cordelia Street'),(24,'Zieme, Bashirian and Jenkins','EE253967320','West Domaschke','+37254425376','wdomaschken@4shared.com','3 Moose Terrace'),(25,'Terry-Cormier','EE960417456','Winonah Skene','+37258368759','wskeneo@ebay.co.uk','74815 Rigney Drive'),(26,'Tillman-Goyette','EE760937351','','+37257454123','ewoolfp@google.cn','7 Village Crossing'),(27,'O\'Kon, Senger and Von','EE392369794','Damara Whitaker','+37256035363','dwhitakerq@businessweek.com','83 Drewry Trail'),(28,'Kulas LLC','EE127112752','Forrester Pellett','+37250184134','fpellettr@springer.com','224 Comanche Pass'),(29,'Sawayn, Bernier and Schoen','EE936339823','Francoise Cawley','+37251023232','fcawleys@tmall.com','373 Leroy Park'),(30,'Corkery Inc','EE592074509','Lisle Wilsdon','+37251280589','lwilsdont@loc.gov','07701 Scofield Center'),(31,'Gusikowski, Bartell and Sauer','EE265766706','Cornell Treherne','+37258841162','ctreherneu@i2i.jp','26884 Knutson Court'),(32,'Kozey-Pfeffer','EE078684795','','+37255182316','dgerranv@goodreads.com','570 Blue Bill Park Point'),(33,'Durgan Group','EE864312859','Raquel Iley','+37252615281','rileyw@spotify.com','4 Crescent Oaks Crossing'),(34,'Rosenbaum Inc','EE482806435','Catrina Sidry','+37251106203','csidryx@smh.com.au','13925 Huxley Avenue'),(35,'Zieme, Friesen and Langosh','EE244352158','Burtie Smye','+37252669332','bsmyey@businessweek.com','0447 Chive Trail'),(36,'Spinka LLC','EE833836493','','+37254959702','ccawsz@weather.com','113 Shelley Way'),(37,'Bruen and Sons','EE240195570','Clarita Zuanelli','+37254360067','czuanelli10@stumbleupon.com','51644 Stang Center'),(38,'Weissnat-Kuhn','EE437917859','Emily Elsworth','+37257090737','eelsworth11@msu.edu','449 Vernon Alley'),(39,'Effertz, Lockman and Gottlieb','EE069755731','Bing Sappson','+37253168260','bsappson12@google.cn','5 Corben Court'),(40,'Schuppe-Ritchie','EE777747750','Deirdre Sumpter','+37250670041','dsumpter13@amazon.de','319 Waywood Place'),(41,'Becker, Herman and Kunde','EE120555975','Ronnie Bettlestone','+37259245319','rbettlestone14@free.fr','10 Blaine Pass'),(42,'Johns-Kerluke','EE335575474','Hillier Edgerley','+37255594584','hedgerley15@quantcast.com','72686 Harbort Place'),(43,'Hodkiewicz-Gerlach','EE225872681','Slade Glassford','+37254570238','sglassford16@phoca.cz','852 Shoshone Avenue'),(44,'Kuhic and Sons','EE864284443','Bobby Langdon','+37256002978','blangdon17@icq.com','9 Hayes Court'),(45,'Heathcote, Barton and Walker','EE768282402','Kristoffer Lunt','+37253654482','klunt18@arstechnica.com','5557 Atwood Hill'),(46,'Kling and Sons','EE063447891','Pavla Whicher','+37255146287','pwhicher19@canalblog.com','64 Aberg Trail'),(47,'Murphy, Leffler and Gerlach','EE184936055','Ronica Streets','+37258703053','rstreets1a@dell.com','326 Myrtle Lane'),(48,'Maggio, Dickinson and Kshlerin','EE060135049','Lauralee Dyzart','+37250357509','ldyzart1b@csmonitor.com','279 Oxford Road'),(49,'Krajcik, Jacobi and Turner','EE240508235','Dallas Middlemass','+37255996914','dmiddlemass1c@ask.com','55954 Sunfield Circle'),(50,'Hettinger, O\'Keefe and Murazik','EE052884882','','+37256195452','fchristophersen1d@cafepress.com','0 Hoffman Crossing'),(51,'Dickens-Labadie','EE844168639','Auberta Verna','+37250564671','averna1e@sphinn.com','1 Karstens Court'),(52,'Dibbert-Bartoletti','EE408698616','Malinda Barajas','+37253668081','mbarajas1f@vistaprint.com','80057 Farmco Court'),(53,'Hansen, Champlin and Fisher','EE612172065','Danit Govern','+37255376222','dgovern1g@howstuffworks.com','5 Londonderry Lane'),(54,'Rogahn, Lang and Jones','EE789397638','Rafaela Ferrillio','+37250331694','rferrillio1h@github.io','70 Green Ridge Lane'),(55,'Boyer, Friesen and Stracke','EE816436813','','+37259015415','lsaward1i@tamu.edu','5821 Scofield Way'),(56,'Lebsack, Crist and Borer','EE773911528','','+37255330036','lbalmann1j@google.ru','2088 Longview Avenue'),(57,'Kertzmann Group','EE382604708','Teddie Lowden','+37259306291','tlowden1k@nifty.com','3120 Huxley Lane'),(58,'Rohan, Herzog and Daniel','EE558423956','Bevin Stidston','+37259920950','bstidston1l@cmu.edu','786 Hovde Avenue'),(59,'Metz Inc','EE172713452','Waly Beaston','+37257951406','wbeaston1m@arstechnica.com','3 Iowa Avenue'),(60,'Nader Inc','EE987123982','','+37251809858','smccaster1n@springer.com','957 Rutledge Parkway'),(61,'Berge-Little','EE692752223','Anita Blackster','+37257036054','ablackster1o@msu.edu','854 Blue Bill Park Terrace'),(62,'Shields and Sons','EE570027827','Giavani Rawood','+37257564230','grawood1p@over-blog.com','14 Northridge Avenue'),(63,'Baumbach, Langosh and Tromp','EE037053879','Corliss Beavan','+37254670176','cbeavan1q@google.co.jp','55 Aberg Alley'),(64,'MacGyver, Schmeler and Kertzmann','EE592960085','Elisabetta Slayford','+37252759681','eslayford1r@wordpress.org','3676 Brentwood Park'),(65,'Schuster-McKenzie','EE142397446','Torey Balazs','+37253591281','tbalazs1s@microsoft.com','5 Sycamore Terrace'),(66,'Emard Inc','EE564472368','Nessy Castle','+37255274892','ncastle1t@accuweather.com','58 Kennedy Drive'),(67,'Fritsch LLC','EE339212979','Corry Sprowson','+37254687136','csprowson1u@bloglovin.com','10050 Donald Hill'),(68,'Ebert LLC','EE046597858','Chryste Salmon','+37251696390','csalmon1v@fema.gov','7 Norway Maple Crossing'),(69,'Botsford, Stanton and Swaniawski','EE336815175','Ana Treuge','+37252200394','atreuge1w@scribd.com','03103 Northwestern Center'),(70,'Cartwright, Koepp and Adams','EE767856483','','+37251649610','vfarnham1x@multiply.com','7 Armistice Junction'),(71,'Mohr Group','EE965627508','Morie Meo','+37250687193','mmeo1y@about.com','62 Surrey Plaza'),(72,'Heidenreich and Sons','EE253402711','Junia Hyrons','+37259858072','jhyrons1z@chronoengine.com','26160 Anzinger Court'),(73,'Mertz-Muller','EE804586900','Syd Reiach','+37253337954','sreiach20@hubpages.com','0 Emmet Way'),(74,'Hilpert, Kunze and Carter','EE323783783','Shauna Sharphurst','+37258746884','ssharphurst21@diigo.com','26776 Dottie Junction'),(75,'Nitzsche, Bins and Pouros','EE113919120','Danielle Chillingworth','+37252670802','dchillingworth22@cloudflare.com','41 Merrick Parkway'),(76,'Greenholt, Parker and Reichel','EE834367432','Addy Slatford','+37254140055','aslatford23@ning.com','38809 Hoffman Point'),(77,'Denesik Inc','EE969111783','Rubie Rivlin','+37255751321','rrivlin24@ucla.edu','4 Mifflin Pass'),(78,'Rolfson, Gleason and Skiles','EE164781067','Briggs Cheney','+37251823689','bcheney25@oaic.gov.au','89 Lindbergh Terrace'),(79,'Skiles-Pouros','EE681343979','Judon Trank','+37259161756','jtrank26@mit.edu','28175 Jenifer Circle'),(80,'Bartell, Wintheiser and Swift','EE799530223','','+37259787583','edevillier27@pbs.org','5090 Dryden Trail'),(81,'Little, Wolf and Schneider','EE771310666','Edythe Romanski','+37257632662','eromanski28@reuters.com','6427 Pine View Avenue'),(82,'Koelpin Inc','EE844309412','Mylo Forre','+37250201581','mforre29@home.pl','804 Lotheville Alley'),(83,'Blick and Sons','EE242077081','Darell Joan','+37256931859','djoan2a@theglobeandmail.com','0375 Weeping Birch Road'),(84,'Goodwin-Krajcik','EE659747616','Hyacinth Jarrel','+37251911284','hjarrel2b@stumbleupon.com','9519 Melvin Drive'),(85,'O\'Reilly, Windler and Murazik','EE136683417','Kimberley Holley','+37254328441','kholley2c@census.gov','71468 Declaration Parkway'),(86,'Bradtke and Sons','EE332408091','','+37257048428','rmccrann2d@macromedia.com','22 Weeping Birch Parkway'),(87,'Conroy-Mayert','EE429048482','Hasty Smiths','+37256964996','hsmiths2e@diigo.com','987 Schlimgen Road'),(88,'Kutch and Sons','EE031018355','Rainer Veryard','+37256864516','rveryard2f@technorati.com','9 Badeau Parkway'),(89,'Gerlach and Sons','EE164469929','Wyatan Winchurch','+37258300247','wwinchurch2g@timesonline.co.uk','2 Melby Avenue'),(90,'Doyle-Runolfsson','EE752596420','Nona Runcieman','+37252082078','nruncieman2h@microsoft.com','48 Trailsway Place'),(91,'O\'Conner-Beatty','EE914526535','Ardenia Pioli','+37256479380','apioli2i@cloudflare.com','37 3rd Court'),(92,'Predovic Inc','EE705552776','Tanitansy Eannetta','+37258432293','teannetta2j@zimbio.com','79978 Dawn Junction'),(93,'Baumbach-Romaguera','EE150112773','Margalit Gherardelli','+37258621454','mgherardelli2k@devhub.com','2 Bellgrove Terrace'),(94,'West, Abshire and Zboncak','EE146543834','Tilly Belitz','+37252618005','tbelitz2l@odnoklassniki.ru','182 Grim Parkway'),(95,'Shanahan-Bergstrom','EE708480658','Von Loddon','+37257805879','vloddon2m@omniture.com','4739 Anniversary Court'),(96,'McLaughlin, Rolfson and Schultz','EE260362222','Boony Wenman','+37253657157','bwenman2n@deviantart.com','471 Sage Court'),(97,'Moore, O\'Keefe and Kunze','EE376768453','','+37251133004','sclohissy2o@unc.edu','72873 Brentwood Trail'),(98,'Dach, Hamill and Lemke','EE809086240','','+37259997177','jsells2p@naver.com','06 Hansons Parkway'),(99,'Jones and Sons','EE271725484','Dougy Dalby','+37253889821','ddalby2q@bloglovin.com','527 Dakota Road'),(100,'Feeney-Roberts','EE419805317','Fraser Christophers','+37255265450','fchristophers2r@diigo.com','0804 Bashford Court'),(101,'Kub-Gleason','EE094793198','Hewett Fuzzard','+37251739437','hfuzzard2s@creativecommons.org','963 Banding Trail'),(102,'Kunze, Hilpert and Senger','EE917621093','','+37252029410','ahanney2t@dyndns.org','323 Debra Drive'),(103,'Erdman, Turner and Zemlak','EE392227561','','+37255379528','ggoodband2u@wsj.com','819 Memorial Junction'),(104,'Greenfelder, Schuppe and Jaskolski','EE295315488','Eudora Benech','+37259672177','ebenech2v@stanford.edu','147 Ramsey Drive'),(105,'O\'Kon Group','EE933519287','Raven Mapp','+37253506597','rmapp2w@sfgate.com','2 Delaware Avenue'),(106,'Armstrong-Champlin','EE671157863','Quincy Milverton','+37259247387','qmilverton2x@unblog.fr','210 Vermont Crossing'),(107,'Schuster Inc','EE213954213','Jonathon Braunston','+37256430219','jbraunston2y@sun.com','734 Garrison Point'),(108,'DuBuque Group','EE364511668','Eolande Matsell','+37254248355','ematsell2z@ebay.com','96 Pennsylvania Parkway'),(109,'Nienow and Sons','EE548696043','Clive Dionisio','+37253447585','cdionisio30@tinypic.com','0 Schiller Circle'),(110,'Batz, Wisozk and Johnson','EE220348883','Diane Sherrington','+37256473667','dsherrington31@so-net.ne.jp','7975 East Place'),(111,'Mills-Hand','EE922214277','Joyann Squibe','+37250236086','jsquibe32@trellian.com','2 Raven Crossing'),(112,'Bahringer, Cummings and Daugherty','EE766535490','Tulley Ceillier','+37252583743','tceillier33@theguardian.com','27646 Golden Leaf Trail'),(113,'Douglas-Lebsack','EE437051385','Magdalena Longina','+37253186701','mlongina34@blog.com','0531 Lillian Crossing'),(114,'Hagenes Group','EE776241763','Joelynn Burtt','+37251825672','jburtt35@webnode.com','14199 Tennyson Parkway'),(115,'Sauer-Greenfelder','EE070441941','Shay Carlsen','+37257707458','scarlsen36@google.co.uk','0 Caliangt Terrace'),(116,'Brown, Jacobs and Rohan','EE387510786','Gibb Ricker','+37256413987','gricker37@usnews.com','569 Golf Course Way'),(117,'O\'Reilly, Welch and Hermann','EE352695771','Sonny Burdass','+37251986355','sburdass38@gravatar.com','6494 Nobel Plaza'),(118,'Gutkowski Inc','EE218710454','','+37258968704','cjonin39@discovery.com','6 Carpenter Parkway'),(119,'Kovacek, Simonis and Hoppe','EE087522747','Joy Karpfen','+37254474519','jkarpfen3a@reuters.com','74 Logan Alley'),(120,'Boyer-Reilly','EE527896323','Merrill Andri','+37259290596','mandri3b@constantcontact.com','0748 Nelson Terrace'),(121,'Frami LLC','EE020701288','Sande Howson','+37257197950','showson3c@netvibes.com','4899 Oxford Street'),(122,'Gerlach LLC','EE333631625','Sigismond Ciccottini','+37251989928','sciccottini3d@github.com','127 Lyons Drive'),(123,'Lubowitz, Langworth and Lehner','EE398571400','Orran Cattini','+37256158659','ocattini3e@gov.uk','5 Dixon Circle'),(124,'Ondricka-Monahan','EE452260961','Venus Nell','+37255625041','vnell3f@parallels.com','351 Tennessee Hill'),(125,'Metz Group','EE603859095','Carmelina Fitzharris','+37254442501','cfitzharris3g@wikia.com','2 Novick Trail'),(126,'Price, Friesen and Denesik','EE149915160','Elwyn Edwardes','+37250753182','eedwardes3h@go.com','423 Steensland Pass'),(127,'Aufderhar LLC','EE468443441','Amalie Iston','+37257164559','aiston3i@howstuffworks.com','3 Esch Parkway'),(128,'Braun-Boyle','EE747272456','Julie Jacqueminot','+37253188626','jjacqueminot3j@bloomberg.com','82625 Parkside Place'),(129,'Satterfield, Wolff and Gleichner','EE119746835','Toma Knocker','+37258507425','tknocker3k@usnews.com','7 Northport Point'),(130,'Harvey, Robel and Metz','EE162555297','Brewer Teresia','+37259900713','bteresia3l@mit.edu','3 Canary Hill'),(131,'Schmeler and Sons','EE910260496','Anastasie Grewar','+37254643516','agrewar3m@amazon.co.uk','2611 Forest Dale Point'),(132,'Nitzsche, O\'Kon and Kreiger','EE434371716','Ronni Dowdle','+37254705169','rdowdle3n@odnoklassniki.ru','4434 Main Way'),(133,'Trantow LLC','EE726130449','Aubrey Newrick','+37257629218','anewrick3o@eepurl.com','60888 Kings Trail'),(134,'Reichel, Kshlerin and Robel','EE196320771','Lesly Brignell','+37258075227','lbrignell3p@indiatimes.com','2 Armistice Hill'),(135,'Bednar and Sons','EE932462920','Kiel Jado','+37251120072','kjado3q@stanford.edu','326 Paget Pass'),(136,'Heidenreich-Walsh','EE734817597','Wallie Matisse','+37258079143','wmatisse3r@bandcamp.com','423 Crescent Oaks Road'),(137,'O\'Kon Inc','EE280785580','Norris Houtbie','+37254992611','nhoutbie3s@studiopress.com','576 Spenser Drive'),(138,'Ankunding-Hyatt','EE862299273','Milt Gaule','+37259602534','mgaule3t@ifeng.com','026 Homewood Drive'),(139,'Hartmann, Rice and Schinner','EE966226211','Court Mulqueen','+37252089806','cmulqueen3u@wordpress.com','54178 Packers Place'),(140,'Mertz, O\'Conner and Hammes','EE990659861','Tera Girk','+37252172668','tgirk3v@behance.net','2464 Lukken Street'),(141,'Franecki-Bode','EE710437260','Cindi Gwyllt','+37255936237','cgwyllt3w@devhub.com','591 Myrtle Circle'),(142,'Schamberger, Harber and Wyman','EE718319562','Marquita Keave','+37253216756','mkeave3x@livejournal.com','6 Cardinal Road'),(143,'Lakin, Wiegand and Feest','EE421652971','Cordi Mattes','+37251422672','cmattes3y@sciencedaily.com','816 Veith Place'),(144,'Morissette, Douglas and Bruen','EE507279010','Ryun Langhor','+37250970673','rlanghor3z@go.com','4 Reinke Parkway'),(145,'Keeling, Witting and Leuschke','EE108351691','Dannie Pargiter','+37252602477','dpargiter40@nhs.uk','41216 High Crossing Plaza'),(146,'Boyer-Runolfsson','EE826614823','Connor Meo','+37259917615','cmeo41@naver.com','05 Washington Park'),(147,'Gulgowski-Robel','EE319836010','Dorie Deroche','+37257869452','dderoche42@boston.com','3 Hanson Trail'),(148,'Rodriguez Inc','EE787325763','Bendix McDonell','+37256063154','bmcdonell43@weather.com','2 Veith Court'),(149,'Kuvalis-Auer','EE086494891','La verne Pedroli','+37257707841','lverne44@opensource.org','7 Mallory Plaza'),(150,'DuBuque LLC','EE017601615','Sherman Boken','+37259938008','sboken45@networkadvertising.org','26 Mcguire Lane'),(151,'Feeney, Hauck and Adams','EE451192550','','+37258736447','bmorpeth46@nih.gov','85 Talisman Court'),(152,'Hagenes-Berge','EE462829729','Caz Setterthwait','+37253805805','csetterthwait47@addthis.com','308 Darwin Alley'),(153,'Langworth and Sons','EE137508157','Brandea Kment','+37250313366','bkment48@disqus.com','47241 Golf Court'),(154,'Lynch-Jacobi','EE754465449','Bob Sharply','+37258475919','bsharply49@discovery.com','4616 Nova Street'),(155,'Zulauf and Sons','EE141862295','Georgianne Adiscot','+37253395527','gadiscot4a@cisco.com','751 Katie Drive'),(156,'Conn Inc','EE520296685','Judah Buscombe','+37254665417','jbuscombe4b@dailymotion.com','543 Tennessee Trail'),(157,'West-Larkin','EE769987062','','+37255210838','oreeve4c@ask.com','8730 Buena Vista Place'),(158,'Grimes LLC','EE399883281','Gerrie Clews','+37258157426','gclews4d@lulu.com','91 Katie Road'),(159,'Medhurst LLC','EE296443333','Conn Antonutti','+37259086508','cantonutti4e@fotki.com','9547 Alpine Point'),(160,'Roob-D\'Amore','EE282397246','Tiffy Ast','+37258419808','tast4f@istockphoto.com','5411 Red Cloud Court'),(161,'Gislason-Williamson','EE549667010','Ximenez Penn','+37258560292','xpenn4g@wisc.edu','0178 Rowland Road'),(162,'Nicolas Inc','EE762705324','Philippe Czapla','+37250108765','pczapla4h@flavors.me','039 Stuart Court'),(163,'Kerluke-Haley','EE502310717','Hyman Macartney','+37254545917','hmacartney4i@independent.co.uk','64 Sommers Avenue'),(164,'Fisher, Towne and O\'Reilly','EE942031556','Cecelia Noah','+37257595727','cnoah4j@sfgate.com','711 Waywood Terrace'),(165,'Schuppe LLC','EE197435989','Lindsey Marshal','+37259204154','lmarshal4k@si.edu','9475 Ilene Plaza'),(166,'Williamson-Tromp','EE567820983','Lil Gosnall','+37254976672','lgosnall4l@hubpages.com','08 Spenser Junction'),(167,'Osinski-Flatley','EE804946039','','+37254378588','ihallum4m@desdev.cn','09 Pond Way'),(168,'Kuhic Group','EE387778587','Blinni Laville','+37255190661','blaville4n@patch.com','71786 Prairieview Trail'),(169,'Schmeler-VonRueden','EE722021660','Krystalle Risso','+37258726267','krisso4o@wix.com','32 Mandrake Circle'),(170,'Lehner-Gerhold','EE339595578','Kleon Mably','+37250625555','kmably4p@vkontakte.ru','9703 Cordelia Pass'),(171,'Greenfelder, O\'Conner and Kemmer','EE593189157','Lee Bartholat','+37254892759','lbartholat4q@unc.edu','053 North Drive'),(172,'Jacobson, Will and Hermann','EE551832393','Early Copozio','+37251742423','ecopozio4r@multiply.com','800 Village Place'),(173,'Gaylord-Roob','EE687645535','Manfred Dick','+37251048560','mdick4s@chicagotribune.com','5362 Clemons Point'),(174,'Botsford-Thompson','EE407239061','Marlyn Hallstone','+37250263806','mhallstone4t@skyrock.com','271 Manley Junction'),(175,'Wolf Group','EE016113768','Humfried Willshear','+37256438099','hwillshear4u@redcross.org','3443 East Drive'),(176,'Huels Group','EE607288857','Herculie Wharram','+37253509398','hwharram4v@domainmarket.com','59 Armistice Street'),(177,'Howe LLC','EE356962524','Cirilo Slatter','+37256205853','cslatter4w@wired.com','9693 Veith Drive'),(178,'Nader LLC','EE799254080','Maje Lindbergh','+37255515895','mlindbergh4x@hugedomains.com','708 Nobel Lane'),(179,'McDermott Inc','EE271706484','Art Wingatt','+37256644479','awingatt4y@tumblr.com','496 Lakeland Junction'),(180,'Ferry-McDermott','EE818580973','Masha Vigers','+37255782376','mvigers4z@guardian.co.uk','1 Charing Cross Pass'),(181,'Dibbert-Gusikowski','EE203890944','Brandice Vaggs','+37251993322','bvaggs50@aboutads.info','311 Moose Plaza'),(182,'Fisher-Bartell','EE353665516','Madelle Ginnaly','+37257594596','mginnaly51@huffingtonpost.com','794 Vernon Hill'),(183,'Lueilwitz, Yost and Hintz','EE707295643','Celie Oneil','+37254808013','coneil52@google.com.br','361 Becker Hill'),(184,'Steuber, Waelchi and Stehr','EE966900937','Alfy Axtell','+37252238126','aaxtell53@weibo.com','47063 High Crossing Avenue'),(185,'Swift-Heathcote','EE278274580','Antonio Pennone','+37257140452','apennone54@slideshare.net','401 Scoville Circle'),(186,'Blick-Schmeler','EE153379537','','+37250087248','achasle55@devhub.com','04 Bayside Crossing'),(187,'Mueller-Williamson','EE257583978','Hadlee Biddles','+37259800655','hbiddles56@domainmarket.com','0 Anniversary Drive'),(188,'VonRueden Inc','EE089871365','Brnaby Poznanski','+37254110609','bpoznanski57@51.la','600 Luster Hill'),(189,'Bartell LLC','EE944034730','Martie Littleproud','+37258731078','mlittleproud58@ocn.ne.jp','27707 Linden Place'),(190,'Flatley, Zieme and Hauck','EE907248648','Linoel Genge','+37259611410','lgenge59@pen.io','0 Oak Valley Avenue'),(191,'Prohaska LLC','EE043602493','Nicolle Digges','+37253333645','ndigges5a@ucsd.edu','0296 Village Green Alley'),(192,'Weissnat LLC','EE382652148','','+37259928143','kjeff5b@godaddy.com','92956 Glacier Hill Center'),(193,'Schmitt, Thiel and White','EE441921403','','+37252314769','fschmuhl5c@foxnews.com','9399 Drewry Lane'),(194,'Green-Schamberger','EE516775178','Shelby Iacovacci','+37253905128','siacovacci5d@ifeng.com','2 Eagan Circle'),(195,'Dickens, White and Mayert','EE505739188','Teddie Bartalin','+37258739348','tbartalin5e@cnn.com','075 Moose Center'),(196,'Heidenreich Inc','EE753799856','Katrina Cawse','+37250448404','kcawse5f@accuweather.com','98142 Annamark Court'),(197,'Casper, Jenkins and Roberts','EE502861626','','+37253693527','vspyby5g@google.co.jp','5967 Basil Junction'),(198,'Parker-Veum','EE792691378','','+37257540700','jchretien5h@wordpress.org','3 Heffernan Alley'),(199,'Koss Group','EE551313784','Hilton Densun','+37255169966','hdensun5i@intel.com','6541 Mesta Plaza'),(200,'Hermiston-Bayer','EE961989794','Rakel Bottrill','+37251607695','rbottrill5j@xrea.com','547 Schurz Center'),(201,'Schowalter Group','EE817235434','Tabina Stendell','+37256126828','tstendell5k@uiuc.edu','77 Westridge Junction'),(202,'Pfeffer LLC','EE783793401','Meara Brereton','+37255385638','mbrereton5l@studiopress.com','574 Spaight Terrace'),(203,'O\'Keefe-Rogahn','EE856315273','Olvan Dayton','+37254735258','odayton5m@deviantart.com','1156 Onsgard Alley'),(204,'Hoppe and Sons','EE503568522','Olympia Beldom','+37250807219','obeldom5n@mlb.com','8548 Chive Park'),(205,'Wuckert, Schaefer and Heidenreich','EE406418065','','+37259954810','dverlander5o@freewebs.com','4646 Oxford Circle'),(206,'Nolan-Willms','EE781362104','','+37258066956','nllewellin5p@wsj.com','862 Graceland Trail'),(207,'Champlin-O\'Kon','EE103232055','Alaine Titlow','+37252876766','atitlow5q@gravatar.com','805 Canary Pass'),(208,'Boehm, Schmeler and Hegmann','EE377822092','Kelbee Frusher','+37255993067','kfrusher5r@wordpress.com','22 American Place'),(209,'Muller Inc','EE940805859','Kirsten Caulder','+37250778790','kcaulder5s@mlb.com','3 Eagle Crest Alley'),(210,'Koelpin, O\'Keefe and Kutch','EE960609309','Dennie Semorad','+37253432152','dsemorad5t@ed.gov','2974 Moose Terrace'),(211,'Sipes, Klein and Herzog','EE294984623','','+37256854145','jantonioni5u@boston.com','632 Anhalt Road'),(212,'Wiza-Funk','EE228568103','Marlo Freshwater','+37252703310','mfreshwater5v@bbb.org','62 Monument Terrace'),(213,'Nikolaus Inc','EE615037388','','+37256490123','ghumbert5w@ibm.com','6640 Evergreen Alley'),(214,'Wunsch, Ebert and O\'Connell','EE998723807','Ripley Charleston','+37255799961','rcharleston5x@fda.gov','87009 Tennessee Point'),(215,'Predovic, Hansen and Towne','EE201986910','Cyrill Tipperton','+37258979720','ctipperton5y@nature.com','0 Kinsman Plaza'),(216,'Schulist-Wolf','EE797394035','Georg Ashleigh','+37259134295','gashleigh5z@google.pl','519 Northridge Center'),(217,'Cummings Group','EE805383605','Stearne Wasselin','+37255223261','swasselin60@uol.com.br','8543 Fulton Place'),(218,'Gutmann Inc','EE410530903','Pippa Bachura','+37252129640','pbachura61@apache.org','53430 Sheridan Place'),(219,'Skiles, Gerlach and Nikolaus','EE609052214','Harmony Meadmore','+37254175670','hmeadmore62@nasa.gov','42248 Hallows Lane'),(220,'Gottlieb LLC','EE255388353','Rozella Van Merwe','+37252073694','rvan63@telegraph.co.uk','4187 Colorado Court'),(221,'Lemke-Walker','EE254423172','Tailor Misk','+37257681168','tmisk64@networkadvertising.org','907 Riverside Alley'),(222,'Armstrong-Paucek','EE001387788','Robbie Cuttell','+37257929008','rcuttell65@gravatar.com','99 Lukken Avenue'),(223,'Rolfson-Schmidt','EE589499686','Cob de Cullip','+37257683281','cde66@mozilla.com','23286 Lakewood Gardens Lane'),(224,'Gaylord, Prosacco and Emard','EE910122533','Cherie Sommerville','+37255435657','csommerville67@cmu.edu','21 Northfield Place'),(225,'Erdman-Homenick','EE767812550','Gradeigh Gowlett','+37250140831','ggowlett68@businessinsider.com','984 Magdeline Alley'),(226,'Torphy, Pfeffer and Keeling','EE252545354','Carole Ruckert','+37252849623','cruckert69@google.cn','27314 1st Alley'),(227,'Feeney and Sons','EE513722632','Diandra Mattock','+37258630579','dmattock6a@phoca.cz','73926 Briar Crest Avenue'),(228,'Oberbrunner-Farrell','EE675430196','','+37251803857','pmessier6b@google.es','042 Canary Circle'),(229,'Hermiston LLC','EE407243371','Sancho Fann','+37259562363','sfann6c@hibu.com','4 Hansons Court'),(230,'Wunsch LLC','EE701028190','Elyssa Frostdyke','+37257791419','efrostdyke6d@buzzfeed.com','7023 Moulton Trail'),(231,'Roob, Hansen and Leuschke','EE953839063','Ive Olliver','+37253599133','iolliver6e@smh.com.au','52784 Lindbergh Street'),(232,'Murazik, Koch and Sauer','EE407629010','','+37253920959','vborrington6f@japanpost.jp','83 Basil Hill'),(233,'Davis LLC','EE663937623','','+37253762398','afrost6g@posterous.com','103 Farwell Center'),(234,'Grady, White and Price','EE108771415','Mack Skeldon','+37258568904','mskeldon6h@macromedia.com','5422 Sachs Crossing'),(235,'O\'Hara Group','EE856597005','Temp Ashley','+37256792192','tashley6i@hao123.com','3 Goodland Trail'),(236,'Spencer-Bauch','EE251122550','Karlie Sigge','+37250420972','ksigge6j@slate.com','9 Burning Wood Avenue'),(237,'Prosacco, Mayert and Orn','EE412593966','Christabella Shepstone','+37257367562','cshepstone6k@woothemes.com','7 Alpine Trail'),(238,'Becker and Sons','EE622914300','Florence Kyncl','+37257913225','fkyncl6l@narod.ru','40 Eagan Circle'),(239,'Koelpin Group','EE917921841','Elisabetta Fortun','+37257819051','efortun6m@nifty.com','599 Bashford Way'),(240,'Corkery and Sons','EE293475191','Fitz Bakhrushin','+37252982033','fbakhrushin6n@1688.com','647 Spaight Center'),(241,'Bahringer, Crooks and Spencer','EE089484490','Conan Amaya','+37257361424','camaya6o@hhs.gov','1 Lawn Trail'),(242,'Moore, Leuschke and Kovacek','EE662194212','Fraze Free','+37253012033','ffree6p@xing.com','309 Vidon Parkway'),(243,'Moen, Cassin and Langosh','EE519251315','','+37258629460','rshannon6q@stumbleupon.com','25983 Trailsway Alley'),(244,'MacGyver-Powlowski','EE289443513','Lillis Andino','+37250507872','landino6r@pcworld.com','2 Colorado Road'),(245,'Hane-Heaney','EE099316259','Kearney Newtown','+37251715884','knewtown6s@t.co','5265 Petterle Drive'),(246,'Raynor LLC','EE464256214','Marrilee Ramshay','+37251429302','mramshay6t@chron.com','23 Meadow Valley Lane'),(247,'Kautzer Group','EE315814735','Wylie Ladell','+37252274381','wladell6u@etsy.com','19616 Brickson Park Plaza'),(248,'Kling Inc','EE307539932','Francois Denacamp','+37254532103','fdenacamp6v@squidoo.com','7 Northwestern Place'),(249,'Botsford LLC','EE151052008','Ahmad Grigorian','+37257424941','agrigorian6w@unc.edu','5 Randy Crossing'),(250,'Marquardt, Von and Reinger','EE129372030','Carmelle Gillino','+37257677104','cgillino6x@tamu.edu','4 Bultman Junction'),(251,'DuBuque, Cassin and Haley','EE600503420','Angus Nutbeem','+37257738815','anutbeem6y@wp.com','19987 Texas Road'),(252,'Metz, Collins and Stokes','EE980676117','Jackquelin Virgin','+37258308366','jvirgin6z@ibm.com','00 Moose Plaza'),(253,'Bins-Purdy','EE713211093','Minta Schonfelder','+37258390366','mschonfelder70@youtube.com','12 School Pass'),(254,'Lebsack and Sons','EE053411256','Tibold Anthonsen','+37252257612','tanthonsen71@purevolume.com','994 Fair Oaks Hill'),(255,'Cummerata-Orn','EE369922919','Coretta Bruster','+37259273873','cbruster72@ameblo.jp','9 Loftsgordon Hill'),(256,'Gislason, Hettinger and Stokes','EE819278801','','+37253604648','eogrogane73@sciencedirect.com','8758 Caliangt Crossing'),(257,'Ratke, Stark and Bradtke','EE053773736','Edie Morrad','+37258814763','emorrad74@google.co.jp','16468 Gale Lane'),(258,'Yost LLC','EE532230377','Marybelle Sutcliff','+37257125743','msutcliff75@php.net','66777 Southridge Way'),(259,'Lynch-Lindgren','EE971846032','Lisbeth Roggers','+37256394830','lroggers76@domainmarket.com','5107 Eliot Center'),(260,'Koch, Orn and Rosenbaum','EE910702618','Myles Prigg','+37257443265','mprigg77@harvard.edu','7 High Crossing Trail'),(261,'DuBuque, Rau and Kuphal','EE416368435','Brady Cloute','+37257546789','bcloute78@hc360.com','6697 Cody Road'),(262,'Ziemann-Waters','EE763890087','Annadiane Saiens','+37257791309','asaiens79@spiegel.de','20 Mosinee Point'),(263,'Mohr-Mitchell','EE454174267','Jacinthe Parmley','+37258738335','jparmley7a@fema.gov','8514 Cascade Hill'),(264,'Wisoky-Lockman','EE670475036','Udall Whannel','+37251150615','uwhannel7b@jugem.jp','17 Nancy Alley'),(265,'MacGyver, Pouros and Terry','EE633687940','Kimberley Mawd','+37252743385','kmawd7c@goo.ne.jp','73597 School Crossing'),(266,'Sauer-Ritchie','EE967758047','Barbi Di Giacomo','+37257451981','bdi7d@berkeley.edu','79577 Cordelia Lane'),(267,'Hermiston Group','EE842117411','Nikolai O\'Shee','+37252969512','noshee7e@topsy.com','286 Chinook Pass'),(268,'Smitham Group','EE998720632','Axe Richford','+37256800196','arichford7f@umn.edu','0 Truax Point'),(269,'Dach-Weber','EE948460497','Red Towne','+37256098143','rtowne7g@github.com','29 Armistice Crossing'),(270,'Kiehn, Littel and Johns','EE271904825','Torry Shout','+37256743147','tshout7h@theglobeandmail.com','2541 Farwell Road'),(271,'Balistreri, Rowe and Zboncak','EE998324885','Clayson Fust','+37253593207','cfust7i@nps.gov','31 Stephen Trail'),(272,'Kunde-Donnelly','EE610042735','Alia Wenderott','+37256661160','awenderott7j@auda.org.au','6 Melrose Street'),(273,'Green, Kuphal and Bode','EE080336357','Colleen Gofton','+37250007148','cgofton7k@dion.ne.jp','74449 Summer Ridge Park'),(274,'Leuschke, Lakin and Ward','EE876060787','Natka Mountstephen','+37259918617','nmountstephen7l@delicious.com','002 Nevada Terrace'),(275,'Schaefer, Orn and Moore','EE274900201','Gloriane Ebanks','+37251131372','gebanks7m@histats.com','8659 Rutledge Terrace'),(276,'Lakin Group','EE326575978','Adina Blunsen','+37250359144','ablunsen7n@photobucket.com','55734 Fieldstone Center'),(277,'Stokes and Sons','EE521502458','','+37258162308','ebowery7o@tinyurl.com','53 Mayer Trail'),(278,'Bruen, Bednar and Stanton','EE151012787','Alfons Fitter','+37254879608','afitter7p@epa.gov','35 Express Terrace'),(279,'Torphy, Ebert and Pacocha','EE133678055','Mitchell Pallaske','+37251800071','mpallaske7q@merriam-webster.com','465 Lerdahl Crossing'),(280,'Beatty, Rippin and Ankunding','EE295289981','Willard Ward','+37256011541','wward7r@friendfeed.com','1 3rd Hill'),(281,'Bartoletti, Treutel and Morissette','EE534050951','','+37254411387','fsugg7s@ft.com','88751 Riverside Alley'),(282,'Carroll, Gutmann and Bergnaum','EE702796887','Bryn Lund','+37256595646','blund7t@gravatar.com','8 Burning Wood Parkway'),(283,'Bogan-Grimes','EE579835461','Karie Siemon','+37257607438','ksiemon7u@nsw.gov.au','7573 Linden Park'),(284,'Donnelly and Sons','EE216540350','Chad Oxe','+37251637537','coxe7v@goo.gl','06674 Northfield Junction'),(285,'Skiles LLC','EE587613880','Nickolaus Mattinson','+37255053863','nmattinson7w@reference.com','159 Dorton Trail'),(286,'Collier, Waters and McLaughlin','EE704573903','Nerissa Brannigan','+37258654519','nbrannigan7x@amazon.com','4373 Vernon Avenue'),(287,'Schimmel, Mosciski and Prosacco','EE916751199','Allyn Blasl','+37255600731','ablasl7y@illinois.edu','7 Iowa Way'),(288,'Hermann-Sauer','EE309674993','Franklin Staker','+37255778255','fstaker7z@dailymail.co.uk','0151 Welch Street'),(289,'Schmidt Inc','EE251848444','Forrester Fardell','+37255096514','ffardell80@google.cn','2365 Rockefeller Park'),(290,'Schowalter and Sons','EE088856920','Leigh Greaterex','+37252023732','lgreaterex81@amazon.co.jp','649 Stuart Alley'),(291,'Schmitt Group','EE910807404','','+37254897141','htigner82@netscape.com','70607 Monterey Pass'),(292,'Hessel-Schroeder','EE993107152','Catlee Coulthard','+37255767096','ccoulthard83@arstechnica.com','1 Rowland Road'),(293,'Rowe, Jacobson and Graham','EE528465675','Valery Clemenzo','+37251823542','vclemenzo84@ihg.com','95 Merry Street'),(294,'McGlynn Group','EE185240786','Avery Foort','+37256291270','afoort85@ning.com','046 Declaration Plaza'),(295,'Kreiger-Erdman','EE139348334','Brynna Gatman','+37258205864','bgatman86@de.vu','324 Dexter Alley'),(296,'Hahn and Sons','EE089433546','Kassey Korb','+37259054175','kkorb87@seattletimes.com','76 Center Drive'),(297,'Haley, Lueilwitz and Hirthe','EE480197309','Linnea Coniff','+37258191534','lconiff88@csmonitor.com','24 Stephen Street'),(298,'Kunze-Oberbrunner','EE664806509','Rockey Buttriss','+37251087811','rbuttriss89@wordpress.com','13 Transport Park'),(299,'Wyman-Fisher','EE134286993','Tina Swalwel','+37259110892','tswalwel8a@flavors.me','0237 Pleasure Place'),(300,'Heathcote Inc','EE577812449','Bron Keyden','+37256290924','bkeyden8b@mtv.com','21107 Judy Hill'),(301,'Labadie Group','EE857229106','Penni Cator','+37255494227','pcator8c@arizona.edu','360 Johnson Avenue'),(302,'Christiansen-Lynch','EE078671923','Blondell Weedall','+37257298824','bweedall8d@deliciousdays.com','4409 Loeprich Crossing'),(303,'Deckow, Rice and Marquardt','EE022423948','Janice Shrubb','+37258793467','jshrubb8e@reuters.com','34 Northridge Hill'),(304,'Lubowitz-Moore','EE952071041','Lucila Voules','+37256216836','lvoules8f@flickr.com','36 Talisman Park'),(305,'Bahringer, King and Weber','EE559509561','Oralla Weber','+37258108267','oweber8g@earthlink.net','87 Nevada Alley'),(306,'Abshire, Pollich and Berge','EE198819964','Reta Gebhard','+37254890503','rgebhard8h@dell.com','1 Browning Street'),(307,'Kuphal, Casper and Braun','EE218682314','Temp Theurer','+37255049190','ttheurer8i@devhub.com','6655 Helena Junction'),(308,'Runolfsson Group','EE941856071','Rosalind Mayling','+37250373854','rmayling8j@ftc.gov','86431 Vera Place'),(309,'Will, Klocko and Corkery','EE973131956','Deena Bodley','+37258204646','dbodley8k@discuz.net','9980 Kedzie Junction'),(310,'Koss-Bode','EE792396660','Uri Domleo','+37256692144','udomleo8l@nydailynews.com','7 Aberg Plaza'),(311,'Daniel, Bergnaum and Langworth','EE370223788','Tova Heningham','+37259687911','theningham8m@businessweek.com','39980 Village Place'),(312,'Schowalter, Lindgren and Harber','EE354322960','Annalise Caen','+37259036365','acaen8n@g.co','1 Clarendon Road'),(313,'Schultz-Kiehn','EE725743491','Deeann Haggarth','+37252701780','dhaggarth8o@gmpg.org','08 Cambridge Lane'),(314,'Kuhn and Sons','EE211847713','Alexi Carletto','+37253128365','acarletto8p@sina.com.cn','5648 Butternut Lane'),(315,'Schoen, Dooley and Kuhic','EE042894920','','+37256743046','hjaskowicz8q@typepad.com','4 Cherokee Lane'),(316,'Schaefer-Rosenbaum','EE061449136','Octavia Eseler','+37255202388','oeseler8r@mtv.com','70 Green Ridge Crossing'),(317,'Mueller-Cole','EE029364564','Lew Whieldon','+37250182750','lwhieldon8s@acquirethisname.com','828 Arapahoe Pass'),(318,'Block-Turner','EE002776673','Aurlie Butterworth','+37251272639','abutterworth8t@fda.gov','73124 Blue Bill Park Alley'),(319,'Von-Frami','EE367278672','Adan O\'Doherty','+37250588369','aodoherty8u@gnu.org','4 Northfield Alley'),(320,'Okuneva LLC','EE589735953','Jordan Poynser','+37256759603','jpoynser8v@nasa.gov','3 Shelley Avenue'),(321,'Littel, Christiansen and Barrows','EE982014495','Luca Olner','+37256626559','lolner8w@t-online.de','77142 Melody Court'),(322,'Frami LLC','EE774264487','Zora Daubeny','+37253588482','zdaubeny8x@paginegialle.it','24 Ramsey Avenue'),(323,'Marquardt, Schroeder and Hamill','EE354591949','Auberta Edgcumbe','+37259209059','aedgcumbe8y@washington.edu','50 Farmco Street'),(324,'Doyle-Mitchell','EE179594798','Laura Dodgshun','+37250247563','ldodgshun8z@sina.com.cn','63590 Milwaukee Avenue'),(325,'Macejkovic-Dach','EE456528602','Aldridge Dundredge','+37255277824','adundredge90@simplemachines.org','360 Ilene Street'),(326,'Bayer-Daniel','EE025102059','','+37256878036','readon91@dion.ne.jp','7 Cherokee Circle'),(327,'Donnelly-Hoeger','EE076837858','Pyotr Haws','+37259438258','phaws92@wufoo.com','9 Quincy Avenue'),(328,'Stoltenberg Group','EE298733903','Bogart Bride','+37258797473','bbride93@miibeian.gov.cn','5 Morningstar Park'),(329,'Shanahan, Hudson and Durgan','EE039293963','Merissa Nekrews','+37250214273','mnekrews94@nps.gov','0 Randy Way'),(330,'Bosco, Dooley and Zemlak','EE067604983','Krissy Stoll','+37254799909','kstoll95@angelfire.com','4251 Center Trail'),(331,'Crona and Sons','EE197633161','Margi Ferraretto','+37259761041','mferraretto96@columbia.edu','10 Anniversary Lane'),(332,'Toy LLC','EE419057246','Fletch Brunone','+37251954326','fbrunone97@xinhuanet.com','30 Sugar Pass'),(333,'Collier-Treutel','EE888158936','Aleda Yurasov','+37254325650','ayurasov98@delicious.com','24 Drewry Point'),(334,'Krajcik-Feil','EE945950414','','+37256384602','jallwright99@hc360.com','9345 Milwaukee Terrace'),(335,'Wuckert-Botsford','EE014839751','Iorgos Strettle','+37257626216','istrettle9a@cisco.com','8971 Comanche Way'),(336,'Schinner-Funk','EE490636220','Wini Davern','+37250407050','wdavern9b@usatoday.com','8205 Hintze Court'),(337,'Wolff-Dach','EE553123678','Sanders Millwall','+37259909831','smillwall9c@uiuc.edu','68815 Pennsylvania Trail'),(338,'Rice, Howe and Brekke','EE850894853','Gregorio Fransman','+37255006278','gfransman9d@goo.ne.jp','14509 Delladonna Court'),(339,'Kovacek Group','EE486952417','Ofella Foxley','+37254017240','ofoxley9e@goo.ne.jp','92 Dwight Crossing'),(340,'Langosh Group','EE972546900','Carolus Mingotti','+37258263611','cmingotti9f@free.fr','7 Orin Point'),(341,'Streich LLC','EE100437107','Kyle Jeanet','+37250283084','kjeanet9g@biglobe.ne.jp','2498 Rieder Crossing'),(342,'Johnston LLC','EE184885689','August Collens','+37256349264','acollens9h@exblog.jp','3731 Rowland Trail'),(343,'Beahan-Reynolds','EE946503560','Kati Rosendahl','+37251178945','krosendahl9i@toplist.cz','2403 Montana Hill'),(344,'Auer Group','EE828355588','Electra Stirrip','+37259797156','estirrip9j@psu.edu','33620 Redwing Circle'),(345,'Heathcote LLC','EE664297562','Hamish Gathercoal','+37250840622','hgathercoal9k@yahoo.co.jp','21 Harper Crossing'),(346,'Purdy Inc','EE015696653','Beauregard Etuck','+37250208590','betuck9l@washington.edu','356 Dennis Crossing'),(347,'Hermiston, MacGyver and Powlowski','EE889664660','Jerrome Bindon','+37255565604','jbindon9m@sina.com.cn','70596 Green Park'),(348,'Mueller LLC','EE661591293','Verne Gillicuddy','+37252409172','vgillicuddy9n@pinterest.com','1 Browning Road'),(349,'Tromp, Schmitt and Grady','EE556122970','Heather Stigger','+37250458046','hstigger9o@posterous.com','68 Kipling Avenue'),(350,'Conn-Treutel','EE163895400','Rufe Bonifas','+37259430345','rbonifas9p@diigo.com','19 Autumn Leaf Trail'),(351,'Kulas LLC','EE975397909','Grange McPhelimy','+37258985363','gmcphelimy9q@sohu.com','7124 Fremont Circle'),(352,'Hessel, Runolfsdottir and Daugherty','EE889807448','Cordey Tower','+37253450696','ctower9r@goodreads.com','37 Lunder Park'),(353,'Vandervort-Boehm','EE495222306','Tabina Padbery','+37259818720','tpadbery9s@examiner.com','15724 Melby Trail'),(354,'Kuhlman-Kovacek','EE211354664','Everard Sawdy','+37252182219','esawdy9t@nsw.gov.au','1 Lukken Crossing'),(355,'Jenkins-Ondricka','EE761748313','De witt Chateau','+37250579475','dwitt9u@blogs.com','7196 Aberg Alley'),(356,'Mills Inc','EE120150092','','+37254048652','cmeldrum9v@fotki.com','2 Birchwood Terrace'),(357,'Predovic Inc','EE579012163','Care Ovize','+37250928506','covize9w@google.com.hk','1 Boyd Pass'),(358,'West, Orn and Zieme','EE839557573','','+37253698507','wmurby9x@eventbrite.com','52855 Rusk Point'),(359,'Satterfield, Harvey and Ortiz','EE855929085','Lindie Benterman','+37250192648','lbenterman9y@fema.gov','39 Dryden Pass'),(360,'Hane LLC','EE510070301','Betty Niblett','+37258001686','bniblett9z@bloomberg.com','82482 Randy Place'),(361,'Zemlak, Hamill and Schneider','EE625361923','Catlaina Marnes','+37252810039','cmarnesa0@goo.gl','19 Toban Way'),(362,'Kovacek-Bernhard','EE297446385','Lilith Whitlock','+37259962842','lwhitlocka1@wunderground.com','70 Eastlawn Plaza'),(363,'Blanda LLC','EE781001483','Filberte Bagnold','+37255624786','fbagnolda2@pinterest.com','6633 Bartillon Plaza'),(364,'Kuvalis, Bauch and Leffler','EE547450465','','+37259483784','cchamleya3@gnu.org','4 Killdeer Parkway'),(365,'Metz-Cormier','EE057958129','Harlen Wrightson','+37251618349','hwrightsona4@shop-pro.jp','6 Sachs Crossing'),(366,'Daniel-Beier','EE062139044','Alisun Penzer','+37259452633','apenzera5@bloglines.com','61613 Prairie Rose Lane'),(367,'Bartoletti, Kulas and Tromp','EE166812677','Hieronymus Kliment','+37256539251','hklimenta6@abc.net.au','13 Norway Maple Parkway'),(368,'Russel-Boyer','EE430775876','Ivor Goatcher','+37252157498','igoatchera7@statcounter.com','0 Lerdahl Hill'),(369,'Botsford-Metz','EE700829906','Hugues Fyers','+37258733014','hfyersa8@skype.com','42 Valley Edge Park'),(370,'Kling-Wisoky','EE812387910','Barnabe Hegarty','+37256276269','bhegartya9@slate.com','87046 Corry Plaza'),(371,'Hickle-Bechtelar','EE236875969','Bert Cowlishaw','+37259192607','bcowlishawaa@hud.gov','36036 Atwood Hill'),(372,'Haag-Kunze','EE408739131','','+37251973439','mmerridayab@bloglines.com','4772 Sycamore Point'),(373,'Walker, Barton and Barton','EE991179118','Jaimie Shere','+37250934872','jshereac@squarespace.com','25403 Carberry Terrace'),(374,'McClure-Johns','EE417943339','','+37250093604','hduigedad@mozilla.org','277 Autumn Leaf Alley'),(375,'Heaney-Schultz','EE986892972','Jerad Corragan','+37258287255','jcorraganae@theatlantic.com','62 Hanson Park'),(376,'Auer and Sons','EE415630555','Cody Jeacocke','+37255679128','cjeacockeaf@ezinearticles.com','4640 Manufacturers Circle'),(377,'Gibson-Brekke','EE930499382','Flinn Duckering','+37256414996','fduckeringag@yale.edu','5 Lotheville Junction'),(378,'Schumm-Ernser','EE289175567','Osmund McElmurray','+37250809714','omcelmurrayah@umich.edu','04 Badeau Parkway'),(379,'Paucek Group','EE374770291','Amandi Irving','+37255525736','airvingai@foxnews.com','1996 Ryan Point'),(380,'Kuvalis Inc','EE642523039','Sigismund Pegram','+37258715759','spegramaj@wiley.com','6168 Independence Trail'),(381,'Krajcik Inc','EE099097506','Cart Downton','+37253764061','cdowntonak@unc.edu','10950 Ryan Crossing'),(382,'Stracke-Sauer','EE754369277','Claire Troy','+37253738298','ctroyal@goodreads.com','8 Bultman Avenue'),(383,'Fisher, Jerde and Haag','EE446948020','Elsi Kellock','+37253404022','ekellockam@archive.org','88 Monica Junction'),(384,'Reichert Group','EE129731580','Buffy Oxbury','+37259078044','boxburyan@goodreads.com','16901 Warbler Park'),(385,'McGlynn-Brown','EE714485366','Kissee Roder','+37256257817','kroderao@istockphoto.com','5 Spohn Junction'),(386,'Raynor, Rowe and Hirthe','EE169703523','Noreen Clohisey','+37259264471','nclohiseyap@blogger.com','658 Bellgrove Avenue'),(387,'Kuhic LLC','EE240300273','Aurore Leggis','+37251463368','aleggisaq@ted.com','5626 Golf View Avenue'),(388,'Satterfield LLC','EE647530961','','+37255987314','npalumboar@amazon.com','0758 Hanover Alley'),(389,'Swaniawski LLC','EE676891535','Gherardo Neath','+37254226063','gneathas@wikimedia.org','37 Elgar Point'),(390,'Reinger-Ankunding','EE800286694','Emilee O\'Rodane','+37256436605','eorodaneat@webnode.com','9 Westridge Circle'),(391,'Kub, Dickinson and Kshlerin','EE565936396','Theressa Bosley','+37253248259','tbosleyau@newyorker.com','8236 Parkside Road'),(392,'Ryan Inc','EE442823403','Aggy Cowan','+37257705861','acowanav@boston.com','9 North Pass'),(393,'Gerlach, Gulgowski and Denesik','EE260276359','Janeen McGready','+37252327248','jmcgreadyaw@hibu.com','410 Bultman Road'),(394,'Spinka Inc','EE117141330','Maurits Heistermann','+37259849957','mheistermannax@yahoo.co.jp','35743 Schurz Drive'),(395,'Gislason, Rempel and Pfannerstill','EE212874778','Hannah Mantripp','+37251544055','hmantrippay@ucoz.ru','9007 Clyde Gallagher Lane'),(396,'Swaniawski, Bartell and Leffler','EE043974041','Zechariah Shutte','+37255897134','zshutteaz@wired.com','4 Meadow Vale Parkway'),(397,'Bartell Inc','EE358785300','Audie Lyddon','+37259228693','alyddonb0@usnews.com','457 John Wall Street'),(398,'White-Waelchi','EE590883262','Dredi MacDonnell','+37251451552','dmacdonnellb1@tmall.com','92154 Chive Park'),(399,'Purdy-Considine','EE167934867','Jehanna Hallgate','+37250842495','jhallgateb2@youtube.com','06884 Armistice Terrace'),(400,'Swaniawski, Nader and Sawayn','EE666739614','Ethyl Bisley','+37259586395','ebisleyb3@deliciousdays.com','5761 Dawn Alley'),(401,'Effertz Group','EE257061851','Manda Pairpoint','+37256206645','mpairpointb4@google.com.hk','10 Victoria Parkway'),(402,'Durgan Group','EE500255507','Glenn Tinson','+37252402617','gtinsonb5@abc.net.au','73 Holy Cross Trail'),(403,'Parker, Swaniawski and Kessler','EE410921601','Darbee Allinson','+37251816032','dallinsonb6@shutterfly.com','45737 Lyons Road'),(404,'Christiansen Inc','EE374119990','Ileana Stonehouse','+37250605555','istonehouseb7@constantcontact.com','87 Prairieview Pass'),(405,'Wisozk Inc','EE244077278','Daloris Ashpital','+37252555485','dashpitalb8@xinhuanet.com','2 Huxley Place'),(406,'Haley, Stokes and Hermiston','EE488811364','Fernando Ferroli','+37255987787','fferrolib9@joomla.org','27 Grayhawk Court'),(407,'Heaney-O\'Keefe','EE053318037','Marcel Trendle','+37255150175','mtrendleba@wp.com','83466 Westend Road'),(408,'Wehner, Heaney and Gislason','EE572774636','Jodi Simonassi','+37255459143','jsimonassibb@exblog.jp','53512 Summit Street'),(409,'Haley, Quigley and Wintheiser','EE337754279','Ced Olifard','+37251993902','colifardbc@youtube.com','5 High Crossing Trail'),(410,'Grant-Schuppe','EE224459297','Hazel Burfoot','+37257758993','hburfootbd@marriott.com','4968 Maryland Alley'),(411,'Dooley LLC','EE724736405','Kristen Furness','+37254672021','kfurnessbe@who.int','24665 Forest Dale Court'),(412,'Tillman and Sons','EE455355896','Avis Donaho','+37252998950','adonahobf@friendfeed.com','449 Pond Junction'),(413,'Carter Group','EE527267331','Cece Hugle','+37255369645','chuglebg@biglobe.ne.jp','16536 Gulseth Crossing'),(414,'Greenfelder, Marvin and Keeling','EE667200066','','+37256489951','wchittembh@washingtonpost.com','50460 Gina Parkway'),(415,'Cronin, Fadel and Schinner','EE862077434','Raynard Bail','+37255839022','rbailbi@google.co.uk','88 Clove Pass'),(416,'Mills and Sons','EE860931131','Shana Sandeford','+37256660562','ssandefordbj@weibo.com','45 Glacier Hill Plaza'),(417,'Blick LLC','EE720472258','','+37258229989','adickersonbk@multiply.com','2773 Dovetail Plaza'),(418,'Cronin, Boyer and Wolff','EE929089159','Chilton Hurburt','+37257066847','churburtbl@exblog.jp','754 David Alley'),(419,'Simonis-Gislason','EE961190564','Shell Haws','+37252476210','shawsbm@dropbox.com','2 Corry Street'),(420,'Kuvalis-Sipes','EE983629786','Mindy Felten','+37255506055','mfeltenbn@imdb.com','8 Hagan Plaza'),(421,'D\'Amore, Christiansen and Durgan','EE810263625','Hannah Fallen','+37254107303','hfallenbo@dedecms.com','27 Bartelt Point'),(422,'Greenfelder, Ryan and Hilll','EE820526533','Dehlia Eakin','+37251221378','deakinbp@nba.com','08299 Dexter Road'),(423,'Hirthe LLC','EE105413624','Jeremie Jarlmann','+37257137991','jjarlmannbq@booking.com','73903 Valley Edge Drive'),(424,'Blanda and Sons','EE308023813','Andrej Heugel','+37257219962','aheugelbr@networkadvertising.org','1311 Graceland Point'),(425,'Volkman Inc','EE219052145','Ellswerth Milhench','+37250361332','emilhenchbs@elegantthemes.com','633 Mockingbird Trail'),(426,'Gleason, Carter and Koepp','EE361269067','De Bett','+37251653442','dbettbt@noaa.gov','4 Marquette Terrace'),(427,'Kunze, Christiansen and Price','EE457553708','Delila Buttwell','+37256783370','dbuttwellbu@wired.com','05 Onsgard Trail'),(428,'Shanahan, Haag and Denesik','EE333364223','Turner Gauvain','+37258216842','tgauvainbv@mapquest.com','7435 Red Cloud Place'),(429,'Wyman, Rohan and Rau','EE802379968','Judy Overel','+37250719557','joverelbw@sfgate.com','53 Mariners Cove Drive'),(430,'Muller, Stanton and Jakubowski','EE117901221','','+37258663220','samiablebx@usatoday.com','6 Eastwood Avenue'),(431,'Ankunding-Dietrich','EE595858232','Blondie Wabersich','+37256675003','bwabersichby@goo.gl','047 Waubesa Center'),(432,'Auer-Rosenbaum','EE012028011','Frans Scallan','+37259329607','fscallanbz@merriam-webster.com','610 Talisman Hill'),(433,'Schuster, Torphy and Schmidt','EE500755768','Nikos Eisikowitch','+37251188813','neisikowitchc0@samsung.com','7 Michigan Street'),(434,'Moore, Parisian and Kemmer','EE502365620','Noel Togher','+37256783121','ntogherc1@dagondesign.com','25 3rd Hill'),(435,'Connelly-Lebsack','EE513005649','Henrik Campo','+37253049768','hcampoc2@statcounter.com','81652 Crest Line Circle'),(436,'Tillman Inc','EE088952410','','+37259534609','nmoodycliffec3@prlog.org','91 Chinook Way'),(437,'Fisher LLC','EE877520961','','+37259328595','rgauchec4@cloudflare.com','849 Sachs Point'),(438,'Gerhold-Borer','EE251676128','Lanni Goldster','+37251227071','lgoldsterc5@census.gov','57234 Swallow Crossing'),(439,'Senger LLC','EE165704696','','+37257251133','slungec6@baidu.com','04 Hovde Center'),(440,'Parker-Lubowitz','EE789052019','Clerissa Costock','+37254429384','ccostockc7@smugmug.com','6240 Packers Junction'),(441,'Bosco, Upton and Pollich','EE752347031','Lela Fitzsymons','+37250313742','lfitzsymonsc8@scribd.com','417 Green Ridge Point'),(442,'Bergstrom-Greenfelder','EE616854917','','+37250341319','bbrambleyc9@businessinsider.com','8343 Debs Circle'),(443,'Ritchie, Leffler and Flatley','EE737756178','Cherish Jewel','+37253600964','cjewelca@yelp.com','1698 Lerdahl Drive'),(444,'Russel-Goyette','EE223953371','Darsie Maruszewski','+37250757298','dmaruszewskicb@illinois.edu','83659 Melody Place'),(445,'Boehm LLC','EE076585670','Fanchette Kezar','+37256471906','fkezarcc@nydailynews.com','9503 High Crossing Point'),(446,'Hilll, Waelchi and Rice','EE247557931','Ted Smerdon','+37256201649','tsmerdoncd@cornell.edu','0555 Hermina Way'),(447,'Marquardt, Stark and Bartell','EE066198760','Kristian Urpeth','+37253148099','kurpethce@apache.org','831 Meadow Vale Point'),(448,'Parisian-Kiehn','EE877395172','Godfry Bernaciak','+37256284562','gbernaciakcf@webs.com','51 Mcguire Terrace'),(449,'Bartell-Jones','EE254331324','Sonny Dimitriev','+37257698938','sdimitrievcg@ning.com','5 Iowa Circle'),(450,'Rolfson, Wyman and Leannon','EE638390313','Jenda Eckert','+37250327678','jeckertch@tripod.com','8714 Badeau Place'),(451,'Williamson, Nikolaus and Von','EE749041828','','+37257397368','flaceci@simplemachines.org','9175 Barby Way'),(452,'Wunsch, Klocko and Lowe','EE041073178','Gregg Stidever','+37254734820','gstidevercj@wsj.com','4 Towne Point'),(453,'Adams-Erdman','EE993391650','Dulce Dalinder','+37252324440','ddalinderck@furl.net','644 Manufacturers Hill'),(454,'Wuckert, Funk and Tromp','EE951906288','Nickolas Deveral','+37254197880','ndeveralcl@nytimes.com','92 Maple Wood Trail'),(455,'Schamberger, Vandervort and Gulgowski','EE614140649','Dreddy Newson','+37254052032','dnewsoncm@google.com.hk','5 Loomis Plaza'),(456,'Windler-Abbott','EE656600117','Calv Libreros','+37258910549','clibreroscn@purevolume.com','9632 Kensington Terrace'),(457,'Steuber-Kreiger','EE287466487','Novelia Valens-Smith','+37258049748','nvalenssmithco@php.net','6 Sutteridge Center'),(458,'Reilly-Jaskolski','EE231013475','Barclay Liptrot','+37259181659','bliptrotcp@utexas.edu','7784 Thierer Center'),(459,'Schiller, West and Funk','EE809998196','','+37258563629','gaguirrezabalacq@altervista.org','23301 Ludington Drive'),(460,'Wilkinson, Hessel and Parisian','EE367989265','Kyle Hearley','+37255850097','khearleycr@fda.gov','7832 Pond Hill'),(461,'Jast, Goyette and Thompson','EE596259919','Isak Rawson','+37254776109','irawsoncs@aboutads.info','7 Warner Street'),(462,'Bernhard, Stokes and Hammes','EE441859855','Alene Teissier','+37256559033','ateissierct@123-reg.co.uk','1599 Jenna Street'),(463,'Bartell-Kozey','EE209088759','Miguela Tregale','+37250543410','mtregalecu@vinaora.com','43888 Kensington Circle'),(464,'Gerhold Inc','EE794665768','Zelma Hasslocher','+37250313483','zhasslochercv@wiley.com','347 Oakridge Hill'),(465,'Moore, Monahan and Collins','EE076445023','','+37259398585','gstoylescw@virginia.edu','56 Farmco Crossing'),(466,'Wehner LLC','EE050144390','Derick Reddington','+37258145514','dreddingtoncx@godaddy.com','56 Schiller Park'),(467,'Kuhn Group','EE107069593','Megan Antham','+37254157989','manthamcy@wunderground.com','63 West Junction'),(468,'Roob, Hills and Mayer','EE085090601','Christabella Bardill','+37252103976','cbardillcz@telegraph.co.uk','5745 Schmedeman Circle'),(469,'Schaden Inc','EE924387692','Helyn Congram','+37258834999','hcongramd0@scientificamerican.com','2539 Macpherson Parkway'),(470,'Heaney, Lind and Hansen','EE512349875','Darrelle Whatman','+37251991034','dwhatmand1@twitter.com','6 Mesta Street'),(471,'Torp Inc','EE238485115','','+37256498156','cdionisod2@webs.com','6 Coleman Lane'),(472,'Breitenberg Group','EE333961407','Jourdan Skelding','+37257915102','jskeldingd3@altervista.org','17497 1st Circle'),(473,'Stoltenberg LLC','EE972951826','Val Petrello','+37251937001','vpetrellod4@usda.gov','8877 Sachtjen Lane'),(474,'Fritsch LLC','EE668194807','Lianne Robins','+37257684923','lrobinsd5@miibeian.gov.cn','66 Marquette Parkway'),(475,'Satterfield and Sons','EE075467685','Fidelia Matousek','+37256919430','fmatousekd6@ihg.com','854 Emmet Alley'),(476,'Berge-Schulist','EE739166305','Teressa Kupper','+37253986050','tkupperd7@indiegogo.com','80622 Fuller Park'),(477,'Morar Inc','EE908691487','Janey Lapides','+37250792477','jlapidesd8@gmpg.org','005 Eagle Crest Lane'),(478,'Deckow-Mosciski','EE362662006','Melloney Pfertner','+37255800718','mpfertnerd9@posterous.com','4 Oak Parkway'),(479,'Lakin-Considine','EE722247703','Rebe Callow','+37255786053','rcallowda@macromedia.com','84476 Florence Street'),(480,'Yundt Inc','EE976036145','Kylynn Tamsett','+37251244778','ktamsettdb@chicagotribune.com','59 Artisan Drive'),(481,'Padberg-Bernier','EE259195172','Rebeka Arkill','+37259533945','rarkilldc@com.com','4050 Parkside Way'),(482,'Koelpin-Cummerata','EE872369485','Swen Mitchall','+37258935439','smitchalldd@comcast.net','3 Melody Drive'),(483,'Dibbert, Considine and Wolf','EE534662370','Brooks Hoodless','+37254427815','bhoodlessde@fda.gov','73194 Reindahl Junction'),(484,'Crooks-Ortiz','EE631564564','','+37259301439','ereamesdf@springer.com','1339 Katie Trail'),(485,'Jakubowski Inc','EE218124576','','+37252656669','hburrildg@netvibes.com','10265 Shelley Drive'),(486,'Mraz, Dach and Conroy','EE400116502','Michel Corrin','+37251605698','mcorrindh@quantcast.com','8 Swallow Center'),(487,'Schuster, O\'Conner and Kozey','EE665609101','Yancy Arlow','+37255004104','yarlowdi@cnet.com','5888 Roth Circle'),(488,'Dibbert-Dickinson','EE194469033','Brynna Ping','+37251567253','bpingdj@acquirethisname.com','13 Iowa Crossing'),(489,'Howe, Mertz and Torp','EE788452443','Nolly Linde','+37259698864','nlindedk@howstuffworks.com','77 Hanson Hill'),(490,'Hammes Group','EE785667169','Darlene Chatteris','+37259933548','dchatterisdl@lycos.com','31 Pankratz Center'),(491,'Hessel, Prohaska and Ortiz','EE337210650','Linnie Slide','+37252556302','lslidedm@hc360.com','8 Merchant Crossing'),(492,'Murphy and Sons','EE337376212','Norina Clist','+37257400972','nclistdn@guardian.co.uk','959 Arapahoe Pass'),(493,'Schneider-Kassulke','EE542129755','Cecelia Davydkov','+37251384647','cdavydkovdo@cbslocal.com','975 Katie Terrace'),(494,'Donnelly and Sons','EE408328110','Stormy Yurevich','+37258934547','syurevichdp@flavors.me','3 Bonner Alley'),(495,'Schaden-Turner','EE790091132','Rodrick Bastow','+37251324614','rbastowdq@sitemeter.com','28 Quincy Park'),(496,'Murray Group','EE009538440','','+37256709562','nibbitsondr@cam.ac.uk','008 Twin Pines Pass'),(497,'Abernathy, Okuneva and Moen','EE499038126','Jamie Culp','+37255686051','jculpds@mozilla.org','1 Chive Court'),(498,'Gerhold-Ziemann','EE931969555','Kylie Janks','+37256372374','kjanksdt@squarespace.com','9 Leroy Court'),(499,'Wiegand-Williamson','EE819289653','Hedvig Henrion','+37259709135','hhenriondu@shutterfly.com','52966 Maryland Drive'),(500,'Kiehn-Altenwerth','EE320773020','Silvanus Garrett','+37254625234','sgarrettdv@hp.com','7 Jenifer Plaza'),(501,'Langworth Inc','EE544352104','Kym Dispencer','+37253023715','kdispencerdw@php.net','917 Vernon Hill'),(502,'Wolff Inc','EE415200904','Ricki Rappaport','+37259804048','rrappaportdx@telegraph.co.uk','80230 Maple Wood Alley'),(503,'Koelpin, Lind and Steuber','EE846132910','Holden Schankel','+37253875061','hschankeldy@163.com','178 Stephen Point'),(504,'McKenzie, Oberbrunner and Weber','EE463359488','Donni Jaukovic','+37254968926','djaukovicdz@naver.com','42 Logan Park'),(505,'Kozey, Wyman and Reichert','EE210100276','Lem Venn','+37254650434','lvenne0@yolasite.com','2 Schlimgen Park'),(506,'Reilly, Lang and Hansen','EE737363714','Kane Bryer','+37250383176','kbryere1@psu.edu','30240 Vera Court'),(507,'Stiedemann Inc','EE831157430','Tasha Korlat','+37258353028','tkorlate2@yandex.ru','03611 Drewry Center'),(508,'Turcotte-Abshire','EE213835141','Hale Stivey','+37250866644','hstiveye3@globo.com','46018 Green Court'),(509,'Shields, Aufderhar and Okuneva','EE399254484','Tonia Wheeliker','+37251682968','twheelikere4@sitemeter.com','21 Goodland Court'),(510,'Blick LLC','EE315633690','Reggis Marlowe','+37254285422','rmarlowee5@geocities.com','91645 Surrey Park'),(511,'Witting and Sons','EE007151827','Tristam Badcock','+37250681910','tbadcocke6@furl.net','063 Esker Street'),(512,'Schumm, Windler and Ratke','EE274358727','Jethro Iacobo','+37252223622','jiacoboe7@plala.or.jp','948 Sullivan Road'),(513,'Blick Inc','EE162474109','Hillier Climie','+37252982201','hclimiee8@phpbb.com','0619 Reinke Parkway'),(514,'O\'Keefe, Fadel and Jaskolski','EE803132261','Valentin Baily','+37253430010','vbailye9@independent.co.uk','31 Vera Hill'),(515,'Wisoky, Lueilwitz and VonRueden','EE593283208','Vilma Vosse','+37255575590','vvosseea@soup.io','673 Wayridge Avenue'),(516,'Keebler-McGlynn','EE139675623','Kalindi Cromett','+37257432696','kcrometteb@hibu.com','23016 Glacier Hill Court'),(517,'Stroman and Sons','EE657748784','','+37254512880','tmartusewiczec@youtube.com','31778 Glacier Hill Avenue'),(518,'Kovacek-Schmeler','EE118234773','Beatriz Bewicke','+37252911837','bbewickeed@fc2.com','3452 Gateway Pass'),(519,'Jones, Ryan and Dietrich','EE335471124','Nowell Bruins','+37255503768','nbruinsee@furl.net','1589 Lakeland Junction'),(520,'Kerluke LLC','EE677036129','Asa Whitchurch','+37258803229','awhitchurchef@wufoo.com','6 Ridge Oak Junction'),(521,'McKenzie-Bartoletti','EE420901294','Anjela Izzett','+37253418126','aizzetteg@360.cn','3421 Truax Alley'),(522,'Witting, Dietrich and Abernathy','EE436908635','Eleanore Schimaschke','+37250077432','eschimaschkeeh@dedecms.com','33 Norway Maple Drive'),(523,'Fisher Group','EE820658600','Maurizio Linklet','+37255198647','mlinkletei@amazon.de','5 Bobwhite Crossing'),(524,'O\'Hara Group','EE111421071','Marlane Bush','+37252090313','mbushej@loc.gov','58643 Darwin Drive'),(525,'Simonis, Effertz and Kuhic','EE633175332','Brittney De la Yglesias','+37258501156','bdeek@reuters.com','43 Eagan Junction'),(526,'Lynch, Parker and Kozey','EE324362493','Jonah Morena','+37256684713','jmorenael@prweb.com','456 Northport Road'),(527,'Cremin Inc','EE542366267','','+37255599372','ndenerleyem@wsj.com','17290 Marcy Road'),(528,'Dach, Fritsch and Breitenberg','EE687024256','Willem Barbe','+37251119356','wbarbeen@furl.net','7 Waywood Crossing'),(529,'Borer Inc','EE939630028','Willem Risbridge','+37253451263','wrisbridgeeo@yellowpages.com','91730 Rowland Way'),(530,'Brekke LLC','EE603357395','Aila Ruscoe','+37256609985','aruscoeep@chicagotribune.com','2 Elgar Park'),(531,'Konopelski and Sons','EE943912115','Patricio Hartley','+37250017519','phartleyeq@linkedin.com','6 Maywood Alley'),(532,'Fadel-Lynch','EE949029258','Read Poluzzi','+37256224230','rpoluzzier@amazon.de','31486 Graceland Terrace'),(533,'Hammes, Will and McCullough','EE710599777','Nady Yakuntzov','+37251014452','nyakuntzoves@networkadvertising.org','5112 Londonderry Court'),(534,'Fisher Inc','EE714413059','Kali Loseby','+37254808534','klosebyet@jimdo.com','36548 Melvin Alley'),(535,'Rodriguez, Stark and Barton','EE414715329','Ethelin Stroban','+37250041624','estrobaneu@sciencedaily.com','2168 Glendale Alley'),(536,'Breitenberg, Hammes and McLaughlin','EE933565136','Tansy Bareford','+37258887519','tbarefordev@imdb.com','2198 Annamark Center'),(537,'Murphy-Mosciski','EE161941967','Locke Jewis','+37252996560','ljewisew@altervista.org','7 Talisman Crossing'),(538,'Daugherty, Kirlin and Luettgen','EE471634227','Kelvin Jemison','+37257144699','kjemisonex@webeden.co.uk','9 Iowa Lane'),(539,'Fisher LLC','EE394940035','Gabbi Parnell','+37255036738','gparnelley@uiuc.edu','4379 Maple Wood Circle'),(540,'Schmidt, Cartwright and Crona','EE298918277','Jeffy Readhead','+37251165215','jreadheadez@shareasale.com','835 Farragut Junction'),(541,'Weimann-Spencer','EE462541295','Alena O\'Haire','+37253124438','aohairef0@barnesandnoble.com','8836 Goodland Hill'),(542,'Breitenberg and Sons','EE384864772','Goraud O\'Towey','+37258188787','gotoweyf1@si.edu','12 Sommers Trail'),(543,'Nolan-Gleichner','EE490850310','Pammi Bum','+37252834699','pbumf2@dmoz.org','81 Northport Point'),(544,'Auer-Batz','EE449061733','Constancia Polino','+37250174830','cpolinof3@mediafire.com','723 Texas Trail'),(545,'Muller LLC','EE730663940','Carey Eccleston','+37259468634','cecclestonf4@webnode.com','5 Artisan Drive'),(546,'Oberbrunner, Flatley and Smitham','EE654914338','Roxi Ciabatteri','+37257173756','rciabatterif5@sphinn.com','93317 Lindbergh Hill'),(547,'Hills, Oberbrunner and Connelly','EE723082459','Bev Poundford','+37253427205','bpoundfordf6@home.pl','06 Warrior Avenue'),(548,'Denesik, Cormier and Schneider','EE416037313','','+37257315914','jlinehamf7@soundcloud.com','161 Northwestern Street'),(549,'Mueller-Carter','EE100700520','Constanta Haldin','+37256432871','chaldinf8@gizmodo.com','46 Maywood Point'),(550,'Walter and Sons','EE503879952','Constanta Haisell','+37256696350','chaisellf9@ucoz.ru','90 Morningstar Circle'),(551,'D\'Amore, Gottlieb and Flatley','EE438689432','Milli Ockleshaw','+37251669761','mockleshawfa@prnewswire.com','9274 Doe Crossing Way'),(552,'Emard-Kiehn','EE992537228','Dawna Bradane','+37255235150','dbradanefb@google.nl','7 Portage Lane'),(553,'Mitchell LLC','EE590324056','Bern Sparham','+37254549032','bsparhamfc@yolasite.com','9616 Maple Wood Hill'),(554,'Frami-Kilback','EE600271783','Stirling Heeney','+37253553461','sheeneyfd@photobucket.com','66592 Weeping Birch Lane'),(555,'Towne-Considine','EE822603170','Angus Mulran','+37259200034','amulranfe@bandcamp.com','21228 Bellgrove Lane'),(556,'Rowe-Boehm','EE440741152','Dougy Wauchope','+37255539552','dwauchopeff@4shared.com','6 Mcbride Center'),(557,'Johns and Sons','EE982421483','Waylan Dosdell','+37250621244','wdosdellfg@ox.ac.uk','97 Elmside Lane'),(558,'Blanda LLC','EE837742351','Teodora Djorevic','+37256142937','tdjorevicfh@youku.com','1 Nova Hill'),(559,'Will-Homenick','EE173706127','','+37252498419','gsealeaffi@sun.com','116 Esch Street'),(560,'Wiegand Group','EE448020461','Lewes Busch','+37253061886','lbuschfj@godaddy.com','54 Aberg Place'),(561,'Labadie-Lindgren','EE261186904','Rosanne Waterworth','+37256432217','rwaterworthfk@cloudflare.com','2 Rieder Trail'),(562,'Gottlieb LLC','EE003748669','Kelli Goldine','+37259071047','kgoldinefl@free.fr','94 Sachs Terrace'),(563,'Hagenes and Sons','EE364275922','Lois Magill','+37259864533','lmagillfm@altervista.org','959 Meadow Vale Court'),(564,'Ruecker, Rolfson and Terry','EE712785454','Valentino Binestead','+37254794313','vbinesteadfn@trellian.com','00 Buena Vista Street'),(565,'Larson, Walsh and Cassin','EE909643854','Maxwell Kirwan','+37250656550','mkirwanfo@shop-pro.jp','5 Elka Park'),(566,'Hettinger, Kessler and Boehm','EE232779508','Berry O\'Kinedy','+37253959670','bokinedyfp@symantec.com','4 Briar Crest Pass'),(567,'Feeney Group','EE626261849','Lidia Standell','+37251421912','lstandellfq@rediff.com','97 Sachs Center'),(568,'Rowe and Sons','EE912355354','Prudence Tonge','+37253583082','ptongefr@bbc.co.uk','3549 Drewry Circle'),(569,'Ryan, Volkman and Nitzsche','EE719807763','Tilly Quarrell','+37253449236','tquarrellfs@sina.com.cn','366 Saint Paul Junction'),(570,'Wyman Group','EE841602701','Dedie Sainsbury-Brown','+37253278013','dsainsburybrownft@google.nl','118 Hagan Trail'),(571,'Homenick Group','EE790764361','Teddie Timothy','+37254831659','ttimothyfu@baidu.com','0784 Spenser Drive'),(572,'Bayer-Luettgen','EE256788342','Michel D\'Alesco','+37250271185','mdalescofv@icq.com','1418 Oak Valley Circle'),(573,'Bradtke and Sons','EE522095344','Mignonne Haizelden','+37250721566','mhaizeldenfw@webmd.com','710 Coleman Pass'),(574,'Batz-Runolfsson','EE482599870','Siffre Arntzen','+37254395386','sarntzenfx@people.com.cn','481 Logan Terrace'),(575,'Kiehn, Ratke and Kris','EE809459345','Bartholomeus Fibbens','+37255296360','bfibbensfy@google.it','37728 Montana Place'),(576,'Batz-Ondricka','EE493424463','Inger Bartell','+37258846908','ibartellfz@nationalgeographic.com','63 Hagan Alley'),(577,'Schroeder-Gorczany','EE080788970','','+37251440258','kmacgarrityg0@prlog.org','6 Basil Point'),(578,'Hauck, Lang and Morar','EE279455167','Willy Scupham','+37252344093','wscuphamg1@dell.com','46 Eastlawn Road'),(579,'Jast-Wolf','EE403672651','Lowell Marciek','+37259662435','lmarciekg2@cmu.edu','664 Vera Parkway'),(580,'Abbott-Gorczany','EE679199202','','+37259987006','thlavacg3@aol.com','82 Troy Drive'),(581,'Kessler, Ruecker and Nikolaus','EE965430938','Rosa Biagioni','+37256436989','rbiagionig4@trellian.com','644 Stuart Road'),(582,'Kris-Krajcik','EE201058533','Ingrid Sigfrid','+37258511985','isigfridg5@xrea.com','666 Hayes Park'),(583,'Sauer, Brown and Leannon','EE825315404','Elena Lamberto','+37252645317','elambertog6@thetimes.co.uk','35 Hooker Pass'),(584,'Dach, Beier and Littel','EE156953703','Katleen Berthel','+37252301381','kberthelg7@tinyurl.com','5692 Grayhawk Pass'),(585,'Heidenreich-Ratke','EE557015288','Christy McCobb','+37250843842','cmccobbg8@topsy.com','3837 Wayridge Point'),(586,'Erdman-Kautzer','EE702268050','Iseabal Bolan','+37250564622','ibolang9@microsoft.com','124 Londonderry Pass'),(587,'Heaney-McGlynn','EE990681538','Marrilee Shrimptone','+37254620872','mshrimptonega@salon.com','950 Sundown Way'),(588,'Effertz, Gerlach and Zboncak','EE898129858','Margit Mandifield','+37254210696','mmandifieldgb@examiner.com','18918 David Crossing'),(589,'Hills Group','EE700780616','Filia Possek','+37255045253','fpossekgc@wired.com','10061 Shoshone Street'),(590,'Bahringer, Mayer and Klein','EE026167550','Debor Boggish','+37251118842','dboggishgd@oaic.gov.au','23 Hoard Way'),(591,'Kessler, Pollich and Deckow','EE327383430','Christie Whittington','+37255713963','cwhittingtonge@arizona.edu','8 Summer Ridge Terrace'),(592,'Schaden and Sons','EE913009566','Ashlin Barnsdale','+37251574848','abarnsdalegf@hostgator.com','3705 Delaware Circle'),(593,'Adams and Sons','EE305902302','Didi Abby','+37259464217','dabbygg@fda.gov','78 Westend Lane'),(594,'Kozey-Ondricka','EE271808024','Mychal Canto','+37256595889','mcantogh@bigcartel.com','646 Golden Leaf Plaza'),(595,'Simonis LLC','EE377147315','Ceciley Fortescue','+37255891064','cfortescuegi@harvard.edu','12840 Riverside Center'),(596,'Gottlieb Group','EE787982034','Annnora Haistwell','+37259751894','ahaistwellgj@digg.com','6977 Colorado Hill'),(597,'Roob-Swift','EE832183349','','+37258109061','tmcgintygk@webeden.co.uk','5 Brown Parkway'),(598,'Hansen LLC','EE081629346','Melinda Skirvin','+37254478351','mskirvingl@nymag.com','1625 Alpine Court'),(599,'Medhurst-Corwin','EE628807295','Susanna Medler','+37253104668','smedlergm@hp.com','4 Mandrake Trail'),(600,'Olson-Hermann','EE548963287','Amberly Hitter','+37256518149','ahittergn@posterous.com','3 Delladonna Way'),(601,'Schinner, Abshire and Leuschke','EE746753367','Candi Boshers','+37258178814','cboshersgo@baidu.com','1002 Westend Avenue'),(602,'Trantow-Kling','EE930439851','Charin Douthwaite','+37250273619','cdouthwaitegp@answers.com','77283 Morrow Park'),(603,'Lemke, Gutmann and Dare','EE913441004','Alysa Mackrill','+37256476803','amackrillgq@ft.com','063 Roxbury Center'),(604,'Koss, Ortiz and Conroy','EE325576364','','+37254423145','mcarsgr@multiply.com','9410 Coleman Pass'),(605,'Schulist Inc','EE193578558','Gradeigh Baudon','+37252085905','gbaudongs@scribd.com','404 Caliangt Road'),(606,'Kuphal Group','EE547653952','Claude Raselles','+37257440585','crasellesgt@state.tx.us','4619 Texas Court'),(607,'Spencer, Dare and Murray','EE116264897','Brendis Burkwood','+37254472674','bburkwoodgu@chronoengine.com','38824 Jenna Street'),(608,'Balistreri-Bruen','EE869161642','Odella Julyan','+37256546288','ojulyangv@state.tx.us','07615 Vahlen Plaza'),(609,'Barrows, Ebert and Nikolaus','EE665427326','Pacorro Hatcliffe','+37253620127','phatcliffegw@virginia.edu','045 Dunning Court'),(610,'Adams-Haley','EE218224940','Shalne Brydie','+37250076022','sbrydiegx@ameblo.jp','14642 Sunnyside Drive'),(611,'Hessel and Sons','EE177037073','Quent Conen','+37255913632','qconengy@php.net','12 New Castle Hill'),(612,'Mante, Lynch and Morissette','EE402242483','Dorey Fanshawe','+37257872418','dfanshawegz@prweb.com','04815 Starling Center'),(613,'Wisoky Group','EE897579404','Bary Murrock','+37259823902','bmurrockh0@shinystat.com','11241 Heath Center'),(614,'Greenholt-Cummerata','EE718694085','Muffin Wigg','+37256869514','mwiggh1@guardian.co.uk','7929 Alpine Point'),(615,'O\'Conner, Roob and Kertzmann','EE001051589','Bobbe Hallybone','+37251785043','bhallyboneh2@wix.com','9127 Onsgard Hill'),(616,'Murray-Barton','EE861630815','','+37254282900','mpatersonh3@geocities.jp','2335 Pennsylvania Lane'),(617,'Parisian, Hermann and Durgan','EE108829816','Mead Kless','+37255241608','mklessh4@usgs.gov','66008 Commercial Pass'),(618,'Langworth, Marvin and Haag','EE815385449','Genvieve Baggalley','+37252016106','gbaggalleyh5@utexas.edu','1380 Darwin Alley'),(619,'Mertz Group','EE625908969','','+37256909271','cfrieseh6@skype.com','4929 Carpenter Point'),(620,'Kohler, Altenwerth and Boehm','EE781063695','Alica Dimmock','+37258084168','adimmockh7@cdc.gov','45869 Buena Vista Pass'),(621,'Graham and Sons','EE689473367','Tobey MacIver','+37256998990','tmaciverh8@tripadvisor.com','72 Dwight Street'),(622,'Howe Inc','EE068422652','Preston Pothergill','+37254879776','ppothergillh9@istockphoto.com','3 Lyons Road'),(623,'Predovic Group','EE918127802','Madge Canton','+37250024621','mcantonha@dailymotion.com','4258 Reinke Plaza'),(624,'Dicki-Keeling','EE056063909','','+37257068349','istanderinghb@umn.edu','32 Hermina Lane'),(625,'Franecki-Balistreri','EE192584003','Karl Spilsbury','+37258852030','kspilsburyhc@usatoday.com','35490 Vernon Way'),(626,'Cormier-Kemmer','EE119922422','Ive Bastone','+37254215258','ibastonehd@va.gov','136 Monterey Circle'),(627,'Zulauf, Muller and Murazik','EE645508317','Pascal Crufts','+37253178973','pcruftshe@sourceforge.net','921 Paget Plaza'),(628,'Kilback and Sons','EE448799558','Carr Hufton','+37252864631','chuftonhf@dion.ne.jp','22 Fordem Point'),(629,'Labadie Group','EE798163805','Sheelah Osment','+37259018501','sosmenthg@sourceforge.net','87 Caliangt Terrace'),(630,'Predovic, Mitchell and Hilll','EE800595968','Tomaso Lofty','+37251706422','tloftyhh@ucoz.ru','62 Fordem Parkway'),(631,'Carter-Ruecker','EE742385919','','+37256968162','mwoodburnehi@buzzfeed.com','23 Sheridan Drive'),(632,'Hirthe-Stroman','EE289946031','Wolfgang Diego','+37251562326','wdiegohj@prlog.org','39 Drewry Court'),(633,'Veum, Gulgowski and Daugherty','EE917978937','Jelene de Werk','+37252097628','jdehk@globo.com','28 2nd Terrace'),(634,'Balistreri Inc','EE652091741','','+37256589160','cpietzkehl@ow.ly','71 Mifflin Park'),(635,'Heidenreich Inc','EE931454796','Donn Higgen','+37254810587','dhiggenhm@usgs.gov','8 Browning Avenue'),(636,'Marvin, Harvey and Boyer','EE868847035','Nisse Trevethan','+37252673456','ntrevethanhn@trellian.com','12 West Pass'),(637,'Jacobson, Considine and Moore','EE077071390','Reamonn Shorbrook','+37257264495','rshorbrookho@spiegel.de','9000 Fairview Center'),(638,'Abernathy Inc','EE283819654','Dulcy McGurgan','+37256981477','dmcgurganhp@baidu.com','3283 Prentice Alley'),(639,'Blick, Hegmann and Carroll','EE109469526','Elysee Ondrus','+37251768360','eondrushq@walmart.com','5347 4th Avenue'),(640,'Von and Sons','EE503033316','Janel Fowler','+37250616966','jfowlerhr@last.fm','71041 Manufacturers Terrace'),(641,'Fisher, D\'Amore and Rosenbaum','EE821914159','','+37253868146','godayhs@geocities.com','375 Mcbride Street'),(642,'McGlynn LLC','EE822077562','Chere Lingwood','+37256130753','clingwoodht@un.org','1 Leroy Circle'),(643,'Welch Group','EE551548827','Duane Elfes','+37254037175','delfeshu@google.com.au','78799 2nd Court'),(644,'Towne-Walter','EE089678104','Abba Jodkowski','+37259024482','ajodkowskihv@baidu.com','38 Graedel Plaza'),(645,'Jacobs LLC','EE287589558','Koren Ellacombe','+37258743694','kellacombehw@joomla.org','94171 Pine View Park'),(646,'Mitchell, Bailey and Stokes','EE074055718','Herve St Angel','+37256479930','hsthx@fema.gov','78217 Lighthouse Bay Street'),(647,'Bernier LLC','EE777084949','Allister Cressy','+37253303462','acressyhy@tripadvisor.com','161 Westerfield Lane'),(648,'Stracke and Sons','EE106114993','','+37259328130','akohnenhz@bloglovin.com','18 Pond Street'),(649,'Steuber, Stroman and Heathcote','EE235916988','Ardelia Allbon','+37258138413','aallboni0@shutterfly.com','473 Declaration Center'),(650,'Gleichner-Murphy','EE660841683','','+37259640089','cdielhenni1@vk.com','3 Twin Pines Point'),(651,'Rogahn-Rowe','EE937400671','Kacey Piet','+37259072006','kpieti2@paypal.com','86912 Namekagon Alley'),(652,'Torphy, Lubowitz and Bartell','EE812571860','Thom Jephcott','+37251674627','tjephcotti3@google.es','06 Steensland Center'),(653,'Stracke LLC','EE852835940','Linette Seakings','+37251275306','lseakingsi4@sina.com.cn','2 Summerview Place'),(654,'Greenfelder Inc','EE604444239','','+37254060854','gobrayi5@phoca.cz','767 Hoepker Plaza'),(655,'Leuschke and Sons','EE761971285','Amerigo Warrior','+37253245955','awarriori6@yellowbook.com','47 Nelson Hill'),(656,'Considine Inc','EE421509075','Randi Bartell','+37252449608','rbartelli7@canalblog.com','834 Clove Park'),(657,'Gutkowski and Sons','EE382257724','Wolfie Whipple','+37257701671','wwhipplei8@addthis.com','1396 Coleman Junction'),(658,'Hilpert Group','EE705595121','Mareah Coogan','+37259766560','mcoogani9@cam.ac.uk','42 Stephen Junction'),(659,'Murphy LLC','EE964938966','Leona Zollner','+37253698833','lzollneria@telegraph.co.uk','18237 Troy Court'),(660,'Reichert, Howe and Kautzer','EE009487139','','+37255889354','chugnotib@amazon.co.jp','99 Canary Way'),(661,'Sauer, Altenwerth and Borer','EE892894497','Aubree Cookes','+37251871990','acookesic@digg.com','56927 Old Gate Parkway'),(662,'Russel, Wyman and Wiegand','EE163988509','Hortensia Peeke-Vout','+37251525253','hpeekevoutid@usgs.gov','874 Anhalt Street'),(663,'Hermann LLC','EE444838397','Caron Bertson','+37253284702','cbertsonie@geocities.com','356 Clyde Gallagher Alley'),(664,'Schuster-Kuhlman','EE993476416','Justinn Drivers','+37259456945','jdriversif@123-reg.co.uk','42534 Hermina Park'),(665,'Predovic, Conn and Bode','EE200351948','Rubie Dumberrill','+37250336290','rdumberrillig@discovery.com','4313 Menomonie Place'),(666,'Swaniawski-Rogahn','EE809707906','Pyotr Matthesius','+37250765890','pmatthesiusih@eventbrite.com','60633 Tony Drive'),(667,'Padberg-Monahan','EE402264047','Emmye Fundell','+37257115828','efundellii@ebay.co.uk','4840 Brentwood Way'),(668,'Ankunding-Erdman','EE974393706','Sabrina Brusin','+37252449752','sbrusinij@usgs.gov','57 Jay Circle'),(669,'O\'Keefe-Zboncak','EE134937926','Peggie Gallardo','+37250551305','pgallardoik@dyndns.org','7264 North Way'),(670,'Homenick, Tremblay and Kertzmann','EE701306575','Nicky Conerding','+37257611720','nconerdingil@yandex.ru','7 Ridgeview Alley'),(671,'Kessler, Greenholt and Koepp','EE269697395','Rafi McLennan','+37254100125','rmclennanim@google.it','490 Maple Alley'),(672,'Becker, Tremblay and Crona','EE095603977','Carla Edworthy','+37257767713','cedworthyin@webeden.co.uk','2 Oak Valley Lane'),(673,'Walter-Stanton','EE601256680','Zorana Samarth','+37257120472','zsamarthio@yellowpages.com','15390 Manufacturers Plaza'),(674,'Feil, Effertz and Dietrich','EE668129589','Kipp Heinzel','+37259517757','kheinzelip@yelp.com','7 Veith Street'),(675,'Langworth LLC','EE199399652','Karlyn Vautin','+37254192408','kvautiniq@smugmug.com','45455 Ridge Oak Place'),(676,'Witting-Schmitt','EE495412153','','+37250808973','gcarrattir@gravatar.com','094 Lakewood Gardens Pass'),(677,'Kuphal Group','EE504078910','Ervin MacCostigan','+37259054625','emaccostiganis@huffingtonpost.com','3893 Crownhardt Plaza'),(678,'Schmitt, Schneider and Kassulke','EE255150817','Mella Morphew','+37258464395','mmorphewit@ning.com','78952 Duke Center'),(679,'Harris-Zemlak','EE706799015','Rahel Stockall','+37258773669','rstockalliu@dailymotion.com','67535 Bluestem Plaza'),(680,'Renner, Aufderhar and Anderson','EE810256838','Austin Fearick','+37254760930','afearickiv@google.nl','8118 Vermont Avenue'),(681,'Sporer LLC','EE587624509','','+37254529240','cferrandeziw@cloudflare.com','63034 Eagle Crest Road'),(682,'Schamberger, Heaney and Harris','EE661291596','Aggi Noyce','+37253838191','anoyceix@marriott.com','77 Southridge Lane'),(683,'Batz-Raynor','EE008255915','Cariotta Hanalan','+37256514979','chanalaniy@sciencedirect.com','6 Ridgeway Lane'),(684,'Kirlin, Hettinger and Donnelly','EE823079663','Eziechiele Giovannilli','+37251216110','egiovannilliiz@usatoday.com','17 Summer Ridge Hill'),(685,'Cassin Group','EE613535378','Pepillo Quinet','+37251674264','pquinetj0@princeton.edu','71989 Jenifer Pass'),(686,'Bogan Group','EE072222601','Carlee Tweddell','+37250516477','ctweddellj1@nymag.com','52 Artisan Court'),(687,'Lehner Inc','EE924279760','Deloris Shinn','+37252663948','dshinnj2@ucoz.ru','75 John Wall Crossing'),(688,'Trantow-Pollich','EE779853403','Giovanna Piel','+37256256143','gpielj3@bravesites.com','533 Esch Road'),(689,'Mraz, Leffler and Padberg','EE414925065','Caddric Danielkiewicz','+37250051123','cdanielkiewiczj4@plala.or.jp','703 Truax Parkway'),(690,'Kutch Group','EE066613558','Dulcia Annott','+37253192697','dannottj5@ustream.tv','9 Trailsway Alley'),(691,'Kulas, Littel and Waelchi','EE721148477','Lucian Rozzell','+37250310850','lrozzellj6@businessweek.com','07937 Coolidge Avenue'),(692,'Swift-Rosenbaum','EE897878247','Alene Fawdery','+37254005682','afawderyj7@boston.com','7 Huxley Drive'),(693,'Stokes Group','EE150095471','Jacquenetta Marder','+37255131561','jmarderj8@technorati.com','7420 Lawn Trail'),(694,'Renner LLC','EE460853595','Annalise Birdsey','+37254559678','abirdseyj9@tiny.cc','2 Holy Cross Junction'),(695,'Connelly, Walter and Swaniawski','EE265479840','Gardie MacRinn','+37253225540','gmacrinnja@tmall.com','68 Menomonie Alley'),(696,'Crooks, Cormier and Jacobson','EE787432981','','+37257407584','mmarquotjb@virginia.edu','2 Merchant Park'),(697,'Schuster LLC','EE858120829','Lodovico Lyenyng','+37253401184','llyenyngjc@wp.com','7026 Northland Junction'),(698,'Adams, Connelly and Gaylord','EE506832063','Blisse Morcom','+37254774698','bmorcomjd@instagram.com','3 Forster Way'),(699,'Gibson-Gulgowski','EE022766039','Dorice Frances','+37259497407','dfrancesje@salon.com','611 Daystar Lane'),(700,'Hansen, Cassin and Roberts','EE444355703','Wallace Gloves','+37258316700','wglovesjf@delicious.com','875 Bonner Lane'),(701,'Koelpin Inc','EE937092407','','+37255115479','bebbottsjg@mozilla.org','8080 Loomis Road'),(702,'Daniel, Nolan and Swaniawski','EE702203959','Howey Berre','+37256470406','hberrejh@4shared.com','90077 Graedel Trail'),(703,'Muller-Robel','EE170567126','','+37251701258','kjouanninji@cisco.com','08252 Reindahl Point'),(704,'Keebler and Sons','EE084699217','Veradis O\' Connell','+37259107685','vojj@google.cn','8736 5th Plaza'),(705,'Swaniawski and Sons','EE267907733','Andris Thorrington','+37255066835','athorringtonjk@sun.com','9 Rowland Circle'),(706,'Hills-Cremin','EE379862705','','+37259935237','jdelongjl@github.com','0 4th Park'),(707,'Paucek-Gibson','EE077125906','Nickie Browett','+37251938335','nbrowettjm@phoca.cz','8621 Manufacturers Avenue'),(708,'Effertz-Boehm','EE881262717','Geoffrey Carnall','+37254835823','gcarnalljn@jiathis.com','374 Brickson Park Plaza'),(709,'Windler-Buckridge','EE894022881','Shelia Sowrah','+37255056116','ssowrahjo@oaic.gov.au','2 Meadow Vale Terrace'),(710,'Effertz Group','EE337887579','Salomo Dewbury','+37258871372','sdewburyjp@prnewswire.com','31 Cardinal Lane'),(711,'Donnelly and Sons','EE740089658','','+37259159417','tludovicojq@instagram.com','72 Forest Dale Parkway'),(712,'Oberbrunner Inc','EE834349109','','+37251376368','tesplinjr@csmonitor.com','5045 Sunnyside Trail'),(713,'Reilly, Carroll and Sauer','EE305759264','Reinwald Nizet','+37255929299','rnizetjs@trellian.com','9478 Scott Plaza'),(714,'Little LLC','EE050929781','Patrick Paute','+37251430842','ppautejt@reverbnation.com','32 Delladonna Avenue'),(715,'Ward Inc','EE098441481','Olimpia Josephov','+37256507950','ojosephovju@princeton.edu','7 Doe Crossing Parkway'),(716,'Wilkinson-Collier','EE687463389','Emiline Plester','+37253088605','eplesterjv@typepad.com','9 Eagle Crest Place'),(717,'Rosenbaum-Marks','EE531073866','Nert Clayhill','+37253664104','nclayhilljw@blogger.com','1861 Forster Court'),(718,'Kassulke LLC','EE967333350','Benedetta Stanlock','+37251511556','bstanlockjx@census.gov','19 Novick Place'),(719,'Macejkovic, Gerlach and Huels','EE393129405','Heather Matzeitis','+37258085640','hmatzeitisjy@google.it','2 Crowley Street'),(720,'Schinner, Robel and Hane','EE244004940','Vanessa Rossborough','+37253870151','vrossboroughjz@youtube.com','887 Continental Road'),(721,'Rath-Hirthe','EE603454457','Tabor Gilbart','+37250208141','tgilbartk0@jiathis.com','31045 Tony Way'),(722,'Fisher and Sons','EE325813134','Veronique Roose','+37253374581','vroosek1@canalblog.com','3789 Macpherson Plaza'),(723,'Rodriguez, Hackett and Barton','EE578526237','Nikolaos Overall','+37252341805','noverallk2@lycos.com','88 Express Center'),(724,'Prohaska-Nicolas','EE644161688','Daren Temprell','+37251476525','dtemprellk3@ca.gov','0 Waubesa Place'),(725,'Goyette, Monahan and DuBuque','EE820235890','Heather Rijkeseis','+37255834737','hrijkeseisk4@tiny.cc','08 Petterle Junction'),(726,'Bernier Inc','EE290329692','Tate Campey','+37250419246','tcampeyk5@ibm.com','1293 Westend Crossing'),(727,'Kunde, Rutherford and Bogan','EE362315072','Denys Salmond','+37258536599','dsalmondk6@go.com','8155 Sunbrook Pass'),(728,'Lakin-Kris','EE727075035','Huey Rosenwald','+37259880432','hrosenwaldk7@europa.eu','35 Warner Crossing'),(729,'Halvorson Group','EE383303022','Gordie Doodney','+37257910144','gdoodneyk8@tumblr.com','387 Texas Lane'),(730,'Gislason, O\'Keefe and Wisozk','EE880931738','Troy Blann','+37257413475','tblannk9@soup.io','3271 Kim Avenue'),(731,'Runte-Miller','EE102753795','Conney Barnwell','+37254369361','cbarnwellka@nymag.com','63806 Fieldstone Lane'),(732,'Bahringer, Oberbrunner and Lemke','EE749352059','','+37255696698','kpriddlekb@ifeng.com','74 Shopko Parkway'),(733,'Block Group','EE587737631','Orv Oxbe','+37259255909','ooxbekc@flavors.me','0 Di Loreto Place'),(734,'Labadie Inc','EE403831004','Lucretia Haldene','+37254565957','lhaldenekd@amazon.com','7 Novick Way'),(735,'Gaylord, Auer and Lowe','EE334039503','Kelsey Morsom','+37253720466','kmorsomke@arizona.edu','72495 Eastlawn Place'),(736,'Bailey, Senger and McDermott','EE085843452','Darsey Retchless','+37255442445','dretchlesskf@4shared.com','87 David Plaza'),(737,'Abshire Inc','EE988817515','Doretta Iles','+37257586698','dileskg@paypal.com','7 Artisan Lane'),(738,'Tremblay-Heller','EE976198746','Germaine Hanney','+37250935427','ghanneykh@gravatar.com','3 Cascade Plaza'),(739,'Prohaska-Marks','EE781667013','Shaylah Balazs','+37255482588','sbalazski@eventbrite.com','3119 Towne Terrace'),(740,'Runte LLC','EE412705767','Nananne Brazenor','+37252507758','nbrazenorkj@vistaprint.com','75 Maple Pass'),(741,'Hickle-Lebsack','EE191708958','Cammy Barbrick','+37258834087','cbarbrickkk@un.org','41 Di Loreto Hill'),(742,'Hermiston-Herman','EE575662126','','+37251974400','ldaenkl@prlog.org','62992 Fairfield Crossing'),(743,'Ward and Sons','EE849652902','Cyb Conkie','+37258036883','cconkiekm@aboutads.info','42454 Beilfuss Way'),(744,'Wisozk-Schroeder','EE014044182','Rutherford Merdew','+37251638327','rmerdewkn@uiuc.edu','814 Lotheville Center'),(745,'Stokes Group','EE635912598','Markos Clayden','+37259802861','mclaydenko@buzzfeed.com','3076 Everett Drive'),(746,'Mayert, Stark and Gislason','EE941854797','Jayme Plowright','+37257423128','jplowrightkp@whitehouse.gov','8779 Hermina Drive'),(747,'Schamberger Group','EE821716350','Wade Issacov','+37256630561','wissacovkq@senate.gov','90 Lakewood Court'),(748,'Kling-Weber','EE087934540','Diena Nutty','+37254159887','dnuttykr@acquirethisname.com','9 Esch Hill'),(749,'Carroll-Botsford','EE855212479','Ronica Knewstubb','+37257596317','rknewstubbks@xing.com','54 Gateway Parkway'),(750,'Klocko, Mayer and Wisozk','EE532054332','','+37251227458','itwizellkt@joomla.org','0 Ryan Road'),(751,'Klein, Stamm and Will','EE152740519','Tracey Munnery','+37258235132','tmunneryku@prnewswire.com','11870 Scott Way'),(752,'Mante and Sons','EE263456430','Willis Vertigan','+37255686877','wvertigankv@sun.com','5 Katie Alley'),(753,'Kris-Champlin','EE839794891','Gib Izen','+37259052048','gizenkw@chicagotribune.com','23 Laurel Pass'),(754,'Goldner, Carter and Cummerata','EE810577945','Alric Meads','+37258694674','ameadskx@histats.com','4817 Dryden Avenue'),(755,'Langosh, Mante and Schiller','EE620692750','Debi Steet','+37258122655','dsteetky@usda.gov','3708 Ludington Way'),(756,'Lehner Inc','EE485127236','Anjela Richings','+37259733373','arichingskz@mayoclinic.com','67 Delaware Lane'),(757,'Streich-Mosciski','EE443228700','Nessi Turland','+37259926848','nturlandl0@dailymotion.com','2 Hansons Plaza'),(758,'Erdman-Harber','EE905867440','Lainey Leaves','+37258712022','lleavesl1@ihg.com','6754 Northport Lane'),(759,'Lueilwitz and Sons','EE055108475','','+37253013172','achristoll2@mysql.com','43937 Maryland Terrace'),(760,'Berge, Ziemann and Mayert','EE147443957','Odey Goodyer','+37252670249','ogoodyerl3@miitbeian.gov.cn','056 Eggendart Street'),(761,'Smitham, Gutkowski and Hammes','EE041752346','Shane Brissard','+37255741421','sbrissardl4@nature.com','68 Thackeray Circle'),(762,'Krajcik, Bayer and Crona','EE869076364','Clovis Bishop','+37251413950','cbishopl5@bloomberg.com','9433 Toban Trail'),(763,'Bechtelar, Stoltenberg and Glover','EE532493069','Humfrid Klezmski','+37256891833','hklezmskil6@timesonline.co.uk','7303 Golf View Center'),(764,'Gibson, Raynor and Block','EE587117801','Ashlee Parkey','+37257114600','aparkeyl7@forbes.com','7250 Sunfield Road'),(765,'Romaguera and Sons','EE005309614','Gifford Charters','+37250977787','gchartersl8@sitemeter.com','9 Service Terrace'),(766,'Towne LLC','EE430328015','Randy Ricket','+37256337410','rricketl9@meetup.com','61 Shelley Place'),(767,'Carroll-Sanford','EE477759621','Rhonda Casseldine','+37257238733','rcasseldinela@tmall.com','57 Debra Circle'),(768,'Okuneva-Hills','EE822789120','Essa Gilchrist','+37253329977','egilchristlb@newyorker.com','86 Sutteridge Circle'),(769,'Krajcik-Schuster','EE264350075','Cirstoforo Andrea','+37257955926','candrealc@telegraph.co.uk','1320 Ludington Alley'),(770,'Pfeffer, Towne and Howell','EE482377669','','+37254066150','ocowlld@gnu.org','89210 Burning Wood Point'),(771,'Kuvalis-Balistreri','EE017717853','Roderich Dottridge','+37257219449','rdottridgele@hatena.ne.jp','7 Thompson Way'),(772,'Hermann and Sons','EE443254384','Kendall LeEstut','+37252135965','kleestutlf@msu.edu','03 Bluejay Lane'),(773,'Leannon LLC','EE983957794','Chevy Folke','+37259265215','cfolkelg@amazon.com','2 Blackbird Parkway'),(774,'Labadie, Skiles and Hamill','EE557666230','Ardyth Crowden','+37254238083','acrowdenlh@gnu.org','2 Stone Corner Point'),(775,'Koepp-Daniel','EE511126534','Chrisse Ten Broek','+37254664349','ctenli@mashable.com','7148 Paget Alley'),(776,'Beahan Inc','EE765896484','Guillaume Wisniewski','+37251638155','gwisniewskilj@rediff.com','6058 Helena Park'),(777,'Wehner Group','EE891704132','','+37258115916','rborrowlk@studiopress.com','3 Jenna Avenue'),(778,'Cassin LLC','EE195988338','','+37253524063','jtanslyll@moonfruit.com','21 Sloan Alley'),(779,'Cronin Group','EE154871396','Ricoriki Valek','+37254442042','rvaleklm@mtv.com','23 Myrtle Hill'),(780,'Skiles-Funk','EE420255682','Joell Sancto','+37257699707','jsanctoln@quantcast.com','390 Hermina Way'),(781,'Hamill and Sons','EE710142916','Ely Aldcorne','+37254994412','ealdcornelo@photobucket.com','016 Dahle Street'),(782,'Emard-Stehr','EE933248770','Ivonne Tomczykowski','+37254091083','itomczykowskilp@cdc.gov','52 Tennessee Junction'),(783,'Brown, Renner and Padberg','EE671224684','Knox Gaddie','+37258522339','kgaddielq@disqus.com','1 Linden Junction'),(784,'Jerde-Ruecker','EE876694536','Tatiania McGreal','+37257252496','tmcgreallr@wired.com','64409 Pleasure Way'),(785,'Kertzmann, Emard and Raynor','EE382945738','Frannie Camamill','+37252893166','fcamamillls@slate.com','20 Shoshone Way'),(786,'Grimes, Kirlin and Hand','EE975703006','Lanita Scyner','+37256857582','lscynerlt@instagram.com','672 Bartillon Junction'),(787,'Stamm-Hammes','EE172586506','Cissy Kneaphsey','+37252451839','ckneaphseylu@mozilla.com','779 Fallview Circle'),(788,'Prosacco, Powlowski and Beahan','EE764713359','Ram Marriott','+37259781459','rmarriottlv@zimbio.com','3104 Bunker Hill Pass'),(789,'Weber-Hessel','EE127293318','Belicia Larkings','+37253556632','blarkingslw@blogspot.com','14852 Prairieview Way'),(790,'Hills Group','EE362809380','Roch Bardwell','+37259791677','rbardwelllx@infoseek.co.jp','342 Crowley Lane'),(791,'Goldner Inc','EE489372226','Misti Cod','+37250537760','mcodly@csmonitor.com','15833 Maple Wood Park'),(792,'Towne-Gislason','EE231381456','','+37258048864','gphilipeaulz@weebly.com','35 Mayfield Lane'),(793,'Brekke-Johnson','EE529418346','Frasier Laise','+37259285249','flaisem0@mapquest.com','5 Spaight Circle'),(794,'Christiansen-Grimes','EE919779129','Liva Pulver','+37252448199','lpulverm1@slate.com','97298 Rockefeller Park'),(795,'Lesch, Rice and Williamson','EE325151334','Blaine Girard','+37251122843','bgirardm2@reddit.com','21 Bowman Hill'),(796,'Nikolaus and Sons','EE779942245','Ilise Lattos','+37254015823','ilattosm3@free.fr','737 Main Lane'),(797,'Gerhold, Hand and Bosco','EE632659543','Wanids Berrisford','+37254695756','wberrisfordm4@skype.com','814 Eastlawn Plaza'),(798,'Wintheiser Inc','EE022318465','Garry Junifer','+37253767228','gjuniferm5@miitbeian.gov.cn','9476 Green Place'),(799,'Parisian-Luettgen','EE372828512','Galvan Crebo','+37257240756','gcrebom6@facebook.com','06 Northwestern Drive'),(800,'Carter, Mann and Halvorson','EE950281784','Quintina Bentote','+37250510513','qbentotem7@usda.gov','276 8th Street'),(801,'Bechtelar, Sanford and Purdy','EE246549905','Bob Herrema','+37254384672','bherremam8@pinterest.com','3881 Lunder Crossing'),(802,'Bosco, Terry and Lynch','EE882820725','Kaine Chazotte','+37253510491','kchazottem9@godaddy.com','99920 Ramsey Lane'),(803,'Gleichner and Sons','EE427264746','Guillemette Pauly','+37255362272','gpaulyma@rediff.com','249 New Castle Crossing'),(804,'Schiller, McCullough and Bartoletti','EE165513178','','+37250156926','dstranierimb@livejournal.com','72046 Killdeer Center'),(805,'Ernser and Sons','EE700396060','Elane Grayling','+37252735207','egraylingmc@posterous.com','59143 3rd Plaza'),(806,'Lemke-O\'Keefe','EE738083501','Iorgo Lornsen','+37256525309','ilornsenmd@slate.com','9 Leroy Alley'),(807,'Steuber, Parker and Lowe','EE885574135','Michail Gomery','+37254360079','mgomeryme@economist.com','44 John Wall Street'),(808,'Ortiz-Schiller','EE164627050','Ursa Hellard','+37254316766','uhellardmf@angelfire.com','91464 Anhalt Parkway'),(809,'Hermiston-Hickle','EE144425617','','+37251604838','hdickersonmg@qq.com','42568 Haas Plaza'),(810,'Bechtelar, Orn and Gulgowski','EE159388222','Delilah Londesborough','+37258758342','dlondesboroughmh@wordpress.com','42 Mallard Junction'),(811,'Beahan LLC','EE869638805','Zara Boyall','+37253157761','zboyallmi@exblog.jp','319 Pine View Hill'),(812,'Farrell-Waters','EE335589670','Kristi Mugridge','+37251146323','kmugridgemj@jigsy.com','85992 Mayfield Trail'),(813,'Funk-O\'Reilly','EE329012121','Jonathan Wohler','+37255870973','jwohlermk@google.cn','53 Cardinal Pass'),(814,'Hudson LLC','EE295016012','Amandi Bowfin','+37251963964','abowfinml@icq.com','5789 Hoffman Circle'),(815,'Jones-Schmeler','EE305581505','Benito Sambrok','+37251068058','bsambrokmm@chicagotribune.com','558 Manitowish Circle'),(816,'Oberbrunner-Altenwerth','EE494812844','Elnore Wessell','+37251303235','ewessellmn@independent.co.uk','74 Derek Center'),(817,'Hoppe-Bernhard','EE479557743','Pearla Woodger','+37257370461','pwoodgermo@samsung.com','4 Sachs Alley'),(818,'Torp, Hammes and Bruen','EE535450821','Derk Tarren','+37252262258','dtarrenmp@icio.us','4058 Washington Circle'),(819,'Bogan LLC','EE948022009','Bo Spurdens','+37251505346','bspurdensmq@yelp.com','3716 Chive Circle'),(820,'Gerhold, Maggio and Denesik','EE528109564','Chrisse Wonham','+37258927905','cwonhammr@hostgator.com','79 Schiller Drive'),(821,'Stokes LLC','EE894521849','Erna Mandrake','+37254287286','emandrakems@plala.or.jp','9093 Forest Dale Lane'),(822,'Hermann-Skiles','EE345099798','Stanfield Goodboddy','+37250163386','sgoodboddymt@va.gov','20 Grover Alley'),(823,'Rempel Inc','EE477240716','Ashil Pettegre','+37251857173','apettegremu@shinystat.com','9444 Nobel Alley'),(824,'Johnston LLC','EE729791773','Bathsheba Tivers','+37257174549','btiversmv@nba.com','58 Dennis Court'),(825,'Davis-Haag','EE787799167','Pia Kalkhoven','+37255178065','pkalkhovenmw@trellian.com','6 Portage Circle'),(826,'Wunsch Inc','EE438973183','','+37253944330','ezellmermx@vimeo.com','70327 Meadow Ridge Place'),(827,'Weissnat, Ritchie and Johnson','EE208265505','Kristi Chaim','+37251918081','kchaimmy@weebly.com','4 Oak Valley Point'),(828,'Morissette Inc','EE078077971','Barbra Mathews','+37257123640','bmathewsmz@com.com','96 Hermina Park'),(829,'Beatty-Tromp','EE821937857','Abdel O\'Hagerty','+37251604610','aohagertyn0@dropbox.com','34 Graceland Center'),(830,'Sauer Group','EE241214636','Gaby Stobbs','+37256773187','gstobbsn1@icq.com','19 Morning Hill'),(831,'Schowalter Inc','EE669910631','Lorie Hanton','+37254460953','lhantonn2@pcworld.com','0 Upham Road'),(832,'Lang, Corkery and Koelpin','EE125262480','Georgette Blowfelde','+37254596690','gblowfelden3@comsenz.com','08 Reinke Trail'),(833,'Schinner-Powlowski','EE859733261','Mabel Beams','+37250250380','mbeamsn4@dropbox.com','3 Crowley Circle'),(834,'McKenzie-Blanda','EE381060884','Travis Topley','+37256187913','ttopleyn5@aol.com','9 Algoma Plaza'),(835,'Jacobson, Hammes and Grimes','EE038725511','Lorain Baselli','+37251692651','lbasellin6@kickstarter.com','4 Cambridge Alley'),(836,'Hirthe, Dooley and Daniel','EE257381522','Herold Raggles','+37256214121','hragglesn7@nba.com','64 Texas Street'),(837,'Nikolaus, Kihn and Hagenes','EE853369482','Carny Torvey','+37251130503','ctorveyn8@yahoo.co.jp','925 Roxbury Hill'),(838,'Zboncak, Vandervort and Gutmann','EE680597365','Dela De Normanville','+37254836840','dden9@arstechnica.com','921 Graedel Avenue'),(839,'Schiller, Hudson and Walker','EE864114456','Eyde Clines','+37250769998','eclinesna@cyberchimps.com','17 Granby Way'),(840,'Towne-Swaniawski','EE518443048','Lorry Grigoroni','+37252991371','lgrigoroninb@t.co','02463 Stoughton Way'),(841,'Herzog-Osinski','EE526845245','Rees Sutworth','+37256095014','rsutworthnc@bandcamp.com','74213 Transport Junction'),(842,'Leuschke and Sons','EE419830412','Ronald Rydzynski','+37258973715','rrydzynskind@w3.org','08 Schurz Lane'),(843,'Rice, Little and Hessel','EE771944228','Clayborn Blazic','+37253083319','cblazicne@multiply.com','8127 Anhalt Place'),(844,'Hartmann-Dietrich','EE157675131','Martainn Batkin','+37254360422','mbatkinnf@cmu.edu','1 Basil Point'),(845,'Collins-Marks','EE532717348','Bradney Dumphry','+37259230667','bdumphryng@uol.com.br','3 Hallows Lane'),(846,'Brekke Group','EE331848702','Grace Vials','+37250780598','gvialsnh@illinois.edu','0081 Dakota Circle'),(847,'Block-Keebler','EE602722549','Dorella Attenborrow','+37253266441','dattenborrowni@networkadvertising.org','2427 Di Loreto Circle'),(848,'Gaylord-Monahan','EE797329734','Donelle O\'Bradden','+37255357005','dobraddennj@abc.net.au','6648 Ridgeway Court'),(849,'Kassulke-Schneider','EE325123217','Xenos Thieme','+37257160992','xthiemenk@networksolutions.com','340 Del Sol Drive'),(850,'Kihn, Wyman and Harvey','EE878386339','Deidre Jakubczyk','+37251015343','djakubczyknl@people.com.cn','7505 Dwight Hill'),(851,'Abbott, VonRueden and Greenholt','EE186249524','Kristin Royall','+37255697337','kroyallnm@economist.com','05 Pankratz Way'),(852,'Altenwerth, Price and Weimann','EE241955992','','+37251974462','aclercnn@netlog.com','3812 Mcbride Terrace'),(853,'Predovic LLC','EE842709437','','+37258940402','apawlikno@oracle.com','38 Mockingbird Road'),(854,'Simonis, Price and Botsford','EE476754158','Whitman Sempill','+37255351126','wsempillnp@sphinn.com','09 Sunnyside Plaza'),(855,'Schroeder LLC','EE341618225','Alissa Buncher','+37255816383','abunchernq@ask.com','92712 Waubesa Way'),(856,'Bogisich, Hilpert and Bailey','EE363600295','Scotti Grime','+37256070998','sgrimenr@bandcamp.com','0 Sauthoff Center'),(857,'Pollich-Nitzsche','EE046424194','','+37258492331','dsautterns@naver.com','5616 Meadow Ridge Lane'),(858,'Littel Group','EE356128259','Marilyn Spores','+37257557284','msporesnt@i2i.jp','934 Sycamore Lane'),(859,'Brakus-Heller','EE388095639','Kristopher Baitey','+37257455782','kbaiteynu@weebly.com','24251 West Street'),(860,'Orn, Ruecker and Turner','EE029308929','Elton Tapping','+37256280141','etappingnv@dot.gov','11161 Scofield Park'),(861,'Stiedemann-Johns','EE244135927','Cyndy Balcon','+37257953440','cbalconnw@tiny.cc','0133 3rd Place'),(862,'Rempel-Langosh','EE626002337','Jilleen Luc','+37259924330','jlucnx@prnewswire.com','10 Fair Oaks Way'),(863,'Schaden, Gaylord and Roob','EE689190920','Helli Orviss','+37251153716','horvissny@tamu.edu','6687 Shopko Trail'),(864,'Rutherford and Sons','EE300212993','Serge Fiddy','+37253574474','sfiddynz@sun.com','024 Jenna Road'),(865,'Stroman, Oberbrunner and Kunze','EE522761266','Vernon Abrami','+37258448537','vabramio0@msn.com','7 Bowman Terrace'),(866,'Haag, Schmidt and Hickle','EE013355559','Patrizius Lydford','+37259033313','plydfordo1@gov.uk','77 1st Pass'),(867,'Gusikowski and Sons','EE800535556','Tuesday McCurtin','+37252045254','tmccurtino2@jiathis.com','61 7th Point'),(868,'Collier LLC','EE591556728','Daffie Jugging','+37259085285','djuggingo3@theguardian.com','5328 Jackson Avenue'),(869,'Bashirian Group','EE983062951','Clark Weald','+37256817145','cwealdo4@plala.or.jp','7176 Garrison Point'),(870,'Kovacek, Skiles and Cassin','EE987850692','Veronike Daffern','+37252854062','vdafferno5@e-recht24.de','7 Rigney Junction'),(871,'Bogan Inc','EE975297941','Florence Destouche','+37255208241','fdestoucheo6@is.gd','7 Spaight Crossing'),(872,'Rice, Upton and Murray','EE771474811','Florry Seiller','+37255931972','fseillero7@creativecommons.org','05 Shelley Junction'),(873,'Konopelski and Sons','EE245061788','Angeli Pietri','+37254197690','apietrio8@yahoo.co.jp','29726 Monument Crossing'),(874,'Lowe-Bahringer','EE494119934','Bryant Latchmore','+37256149063','blatchmoreo9@ovh.net','91498 Fremont Avenue'),(875,'Blanda, Marquardt and Zulauf','EE041639973','Rainer Menel','+37253441654','rmeneloa@comsenz.com','66 Sutteridge Park'),(876,'Zemlak, Conn and Metz','EE557950212','Reena Sultan','+37253859746','rsultanob@salon.com','028 Eastlawn Plaza'),(877,'Champlin-Goldner','EE722608793','','+37258552223','bivantsovoc@ucoz.com','2672 Arrowood Drive'),(878,'Cruickshank-Yundt','EE319437323','Evelyn Izaac','+37254524826','eizaacod@baidu.com','13065 Melrose Road'),(879,'Zulauf Inc','EE571991535','Reinwald McMorran','+37256623426','rmcmorranoe@google.com.br','2301 Granby Pass'),(880,'Schultz Group','EE633270649','Oneida Pollicatt','+37254088907','opollicattof@netvibes.com','42 Lunder Parkway'),(881,'Pfeffer, Bechtelar and Kling','EE758955954','Berte Larne','+37250039697','blarneog@sohu.com','937 Becker Plaza'),(882,'Schulist Group','EE057435655','Rolando Creffeild','+37259733673','rcreffeildoh@answers.com','091 Golf Pass'),(883,'Rutherford-Gerhold','EE374176612','','+37251216033','eleeleoi@china.com.cn','228 Straubel Junction'),(884,'Weimann LLC','EE996374547','Sofie Munt','+37255728399','smuntoj@washingtonpost.com','2 Pearson Pass'),(885,'Lowe-Beier','EE324367244','Cort Isworth','+37253433321','cisworthok@sfgate.com','1 Karstens Court'),(886,'Hirthe-Collier','EE083683079','Montague O\'Luby','+37254348112','molubyol@is.gd','723 Brown Alley'),(887,'Streich, Ratke and Graham','EE141853184','Jocelyne Wanley','+37255792504','jwanleyom@slideshare.net','6652 8th Junction'),(888,'Feest-Runte','EE404747105','Alyss Paynton','+37255480642','apayntonon@xrea.com','0 Memorial Lane'),(889,'Toy-Orn','EE922249025','Demetris Alliot','+37250293725','dalliotoo@epa.gov','84126 Blackbird Way'),(890,'Schimmel Group','EE837402133','Regan Strodder','+37251516831','rstrodderop@comsenz.com','7167 Red Cloud Junction'),(891,'Kuvalis, Weissnat and Bauch','EE691808309','Glenden Morrell','+37257357766','gmorrelloq@apache.org','417 Surrey Road'),(892,'Fahey LLC','EE589029749','','+37257637962','gpilleror@marketwatch.com','539 Namekagon Alley'),(893,'Corkery-Shanahan','EE724012381','Suzy Jarnell','+37254452435','sjarnellos@fc2.com','5 School Parkway'),(894,'Wuckert-Ryan','EE170433748','','+37254424757','fhutcheonot@time.com','016 Leroy Place'),(895,'Roob, Tromp and Reinger','EE811647080','Carolin Doughtery','+37251080995','cdoughteryou@marriott.com','95162 Buena Vista Court'),(896,'Larson-Bode','EE139002176','','+37258490207','sblouetov@oaic.gov.au','4493 Esch Point'),(897,'Kozey-Schuster','EE165825132','Napoleon Jenk','+37250263056','njenkow@ask.com','2 Fairfield Point'),(898,'Bashirian Group','EE091154219','Minni Starr','+37251021748','mstarrox@hud.gov','677 Jenifer Road'),(899,'Goyette-Koch','EE519521283','Vincenz Curwood','+37252814997','vcurwoodoy@miitbeian.gov.cn','5 Transport Hill'),(900,'Kovacek Group','EE113818694','Richardo Burgise','+37256584535','rburgiseoz@cisco.com','52486 Oak Road'),(901,'Mertz-Nolan','EE445150770','Whitney Ellcock','+37257152959','wellcockp0@toplist.cz','51 Sage Parkway'),(902,'Johns Inc','EE051749895','Ann Walsham','+37252712257','awalshamp1@cornell.edu','1 Arizona Place'),(903,'Bruen-Schmeler','EE211237357','Hort Lundy','+37252474436','hlundyp2@bluehost.com','89456 Dryden Center'),(904,'Satterfield-Reilly','EE356029861','Emmett Elliff','+37256725270','eelliffp3@icio.us','1372 Mallard Road'),(905,'Auer-Crist','EE181421224','','+37253104484','ktunmorep4@newsvine.com','815 Thompson Place'),(906,'Vandervort-Leuschke','EE366013975','Mildred Godlee','+37250117373','mgodleep5@usnews.com','86 Del Mar Circle'),(907,'Will, Wiza and Haag','EE663585170','','+37255457242','slasseyp6@vk.com','79 Schlimgen Point'),(908,'Wilderman-Carroll','EE988498570','Ilyse Leverton','+37254058580','ilevertonp7@newsvine.com','9211 Express Lane'),(909,'Kunze LLC','EE349027276','Callida Deeves','+37255127940','cdeevesp8@newyorker.com','6 Texas Hill'),(910,'Green Group','EE852189200','Kikelia Kearford','+37257667946','kkearfordp9@paginegialle.it','32 Kenwood Crossing'),(911,'Weber-O\'Hara','EE902604394','Adelbert Upshall','+37257928859','aupshallpa@ibm.com','6469 Badeau Point'),(912,'Doyle, Ritchie and Hermiston','EE306320922','York Simonaitis','+37250641628','ysimonaitispb@hao123.com','4 Ilene Terrace'),(913,'Kub LLC','EE932404248','Kenyon Pallister','+37250229328','kpallisterpc@pinterest.com','48292 Darwin Street'),(914,'Pfannerstill, Schuster and Waters','EE409038295','Westleigh Tills','+37255971018','wtillspd@drupal.org','71645 Lerdahl Crossing'),(915,'Muller-Raynor','EE371877911','','+37257024766','wwigginspe@blogtalkradio.com','4 Susan Parkway'),(916,'McClure and Sons','EE634299776','Celinka Spurdens','+37250029306','cspurdenspf@godaddy.com','279 Lake View Road'),(917,'Wilderman Group','EE707351911','Nero Shrubshall','+37250811603','nshrubshallpg@hc360.com','6 Roxbury Center'),(918,'Hagenes LLC','EE705805264','Jenn Bordone','+37253001262','jbordoneph@psu.edu','7799 Leroy Point'),(919,'Weimann Inc','EE230838085','Waly Prigg','+37256657080','wpriggpi@domainmarket.com','4765 Bunker Hill Drive'),(920,'Bosco, Weissnat and Brekke','EE667639239','Bentley Cottier','+37256059557','bcottierpj@booking.com','7763 Old Shore Terrace'),(921,'Strosin, Kling and Walker','EE632701493','','+37252815350','mbeckpk@weather.com','976 Hallows Avenue'),(922,'Baumbach, Lakin and Rice','EE833131280','Minetta Bram','+37259371338','mbrampl@twitpic.com','84 Merchant Park'),(923,'O\'Reilly and Sons','EE883291545','Waylan Newvill','+37254489410','wnewvillpm@loc.gov','4 Doe Crossing Lane'),(924,'Glover and Sons','EE901381849','Jen Hinks','+37253158347','jhinkspn@icq.com','6096 Bowman Street'),(925,'Kshlerin, Kerluke and Fisher','EE955785482','Jen Nicklin','+37250610396','jnicklinpo@hhs.gov','1 Parkside Pass'),(926,'MacGyver-Kemmer','EE645590518','Koressa Tancock','+37254305089','ktancockpp@house.gov','75594 Cardinal Center'),(927,'Swift-DuBuque','EE994467309','Oliviero Kitteman','+37256761065','okittemanpq@vkontakte.ru','072 Ridgeview Way'),(928,'Yundt, Christiansen and Hagenes','EE141973300','Markos Chopy','+37258100802','mchopypr@kickstarter.com','1 Schurz Road'),(929,'Wiegand-Von','EE799791919','Ricardo De Caroli','+37253215986','rdeps@delicious.com','826 Lien Parkway'),(930,'Volkman Inc','EE365455861','Tiebold Bartolomeoni','+37258023356','tbartolomeonipt@google.co.jp','8 High Crossing Center'),(931,'Harris-Kuvalis','EE198835745','Charlene Labrom','+37254838084','clabrompu@webmd.com','2 Merchant Place'),(932,'Douglas, Waters and Buckridge','EE777927809','','+37258191531','nburtonshawpv@java.com','469 Straubel Place'),(933,'Kunde, Torp and Nitzsche','EE879811394','Jennine Barukh','+37258867422','jbarukhpw@paypal.com','05318 Thompson Trail'),(934,'Balistreri, Sanford and Purdy','EE017296972','Aliza Teissier','+37253745716','ateissierpx@miibeian.gov.cn','24770 Dapin Terrace'),(935,'Kozey-Okuneva','EE916951687','Baxy Elphinstone','+37257380019','belphinstonepy@cbslocal.com','10233 Fair Oaks Hill'),(936,'Turcotte-Goyette','EE767152153','','+37258672438','cmakerpz@diigo.com','40 Stuart Court'),(937,'Waelchi-Ledner','EE396463575','Mary Wilkisson','+37250770540','mwilkissonq0@clickbank.net','14 Warner Way'),(938,'Gusikowski, Gleason and Weber','EE635323614','Alleyn Wulfinger','+37254942784','awulfingerq1@topsy.com','8947 Veith Alley'),(939,'Fay, Weissnat and Gusikowski','EE969554289','Randie Orridge','+37253509561','rorridgeq2@vkontakte.ru','20409 Banding Road'),(940,'Pollich Group','EE170010108','Belva Winscum','+37250191763','bwinscumq3@ihg.com','26 Petterle Center'),(941,'Walter, Beatty and Kulas','EE374789325','Kellen Lemonnier','+37258901186','klemonnierq4@economist.com','5 Almo Point'),(942,'Wiza-Spinka','EE293470091','Freda Rumbold','+37250199255','frumboldq5@mozilla.com','0 Sloan Pass'),(943,'Graham Inc','EE314893849','Den Bitcheno','+37259612262','dbitchenoq6@mayoclinic.com','84 3rd Road'),(944,'Carroll and Sons','EE455204301','Marti Riglar','+37257569398','mriglarq7@elegantthemes.com','1 Grim Hill'),(945,'Murphy-Jast','EE338742769','Phaidra Taberner','+37257832293','ptabernerq8@jalbum.net','9 Muir Trail'),(946,'Hegmann and Sons','EE934686307','Chic Jerzykiewicz','+37259234017','cjerzykiewiczq9@hubpages.com','12 Columbus Avenue'),(947,'Jacobi and Sons','EE300437524','Lucais Penzer','+37257994870','lpenzerqa@feedburner.com','2357 Hintze Drive'),(948,'Kertzmann Group','EE523512265','Georg McMeanma','+37256550350','gmcmeanmaqb@whitehouse.gov','54 Hanover Hill'),(949,'Rolfson Inc','EE726021818','Yetta Welldrake','+37256394581','ywelldrakeqc@mediafire.com','23 Hansons Way'),(950,'Rau and Sons','EE699605398','Issi Crook','+37257633103','icrookqd@fotki.com','14 Dwight Way'),(951,'Larson and Sons','EE313728532','Waylon Blasio','+37254453436','wblasioqe@typepad.com','32 Pearson Hill'),(952,'Stroman LLC','EE253921771','Batholomew Mainston','+37259069323','bmainstonqf@unesco.org','48 Alpine Place'),(953,'Schinner-Lesch','EE368564632','Ema Narraway','+37259931559','enarrawayqg@ning.com','3926 Rigney Parkway'),(954,'Leffler-Lueilwitz','EE420435240','Gabi Renshell','+37257704443','grenshellqh@stumbleupon.com','74214 Miller Drive'),(955,'Hermann, Hettinger and Krajcik','EE036447253','','+37256125876','eohrtmannqi@desdev.cn','38382 Nevada Pass'),(956,'Blanda-Herman','EE687105837','Eugenie Astley','+37254932863','eastleyqj@yolasite.com','52809 Waubesa Hill'),(957,'Shanahan-Koch','EE371881187','Germaine Lantry','+37257640861','glantryqk@wiley.com','256 Londonderry Terrace'),(958,'Hane Inc','EE837603596','Duffie Baff','+37257623833','dbaffql@com.com','11672 Swallow Court'),(959,'Rolfson, Gutkowski and MacGyver','EE616757285','','+37250837033','dvendittiqm@wired.com','221 Coolidge Hill'),(960,'Douglas, Kunde and Glover','EE178147122','Farrel Eland','+37250483364','felandqn@baidu.com','0388 Merchant Plaza'),(961,'Mayert LLC','EE201817192','Sallie Doumenc','+37255170158','sdoumencqo@cafepress.com','64941 Ridge Oak Pass'),(962,'Kshlerin-Klocko','EE436240571','Bill Plumstead','+37256906157','bplumsteadqp@usa.gov','44 Crescent Oaks Circle'),(963,'O\'Reilly Group','EE143057626','Blair Blankau','+37254268054','bblankauqq@posterous.com','5 Mockingbird Street'),(964,'Sauer, Rippin and Rau','EE268928107','Mylo Winger','+37259767118','mwingerqr@diigo.com','9 Scoville Junction'),(965,'Bartell LLC','EE736261671','David Greengrass','+37250322802','dgreengrassqs@mail.ru','60485 Tomscot Street'),(966,'Schaefer, Schroeder and Swaniawski','EE293557997','Teodorico McGaraghan','+37252187779','tmcgaraghanqt@yellowbook.com','629 Crescent Oaks Park'),(967,'Goyette, Schiller and Krajcik','EE105396816','Misha Drains','+37254466174','mdrainsqu@ebay.co.uk','876 Magdeline Crossing'),(968,'King-Dibbert','EE543923193','Georgeanne Rummin','+37255872027','grumminqv@ucoz.ru','60 Claremont Junction'),(969,'Runolfsdottir, Johnston and Dietrich','EE208483364','Wald Akister','+37253689892','wakisterqw@cornell.edu','40 Loomis Drive'),(970,'Dicki, Swift and Jenkins','EE916940328','Terrill Sheryne','+37255274082','tsheryneqx@wikispaces.com','13001 Farmco Alley'),(971,'Hills-Jones','EE121982135','Floyd McKibben','+37258841944','fmckibbenqy@economist.com','1216 Moulton Drive'),(972,'Dietrich-Hand','EE306001423','','+37254257808','nbannesterqz@bbb.org','9902 Talmadge Point'),(973,'Hansen, Upton and Beer','EE382965924','Hadley Dunthorn','+37254457739','hdunthornr0@ftc.gov','7393 Laurel Drive'),(974,'Wisozk Group','EE169300558','Flossy Harries','+37250823576','fharriesr1@amazon.de','019 Raven Point'),(975,'Carter-Tromp','EE119704721','Helyn Clow','+37256023866','hclowr2@nyu.edu','8 Sunfield Street'),(976,'Paucek, Herzog and Morar','EE284730439','Reamonn Normansell','+37250066245','rnormansellr3@multiply.com','9 Drewry Hill'),(977,'Olson, Schultz and O\'Conner','EE254864434','Joelle Fogel','+37252696116','jfogelr4@samsung.com','1588 Hintze Alley'),(978,'Kuphal and Sons','EE664736969','Maison Santo','+37255410440','msantor5@columbia.edu','2350 Golf Course Court'),(979,'Wehner Inc','EE167958247','Nicholle Standen','+37251594934','nstandenr6@guardian.co.uk','970 Manufacturers Circle'),(980,'Funk, Johnston and Kemmer','EE456563118','Bourke Engley','+37257890307','bengleyr7@ask.com','7058 Dakota Place'),(981,'Mosciski-Langworth','EE030742407','Gerri Stileman','+37255704999','gstilemanr8@cloudflare.com','8081 Larry Street'),(982,'Kiehn Inc','EE005905605','','+37253595970','ipidduckr9@people.com.cn','5028 Hoard Point'),(983,'O\'Reilly-Sanford','EE048268439','Vic Greenig','+37254937010','vgreenigra@guardian.co.uk','926 Colorado Junction'),(984,'McClure, Cartwright and Hirthe','EE039200058','Rebecca Ginley','+37252518441','rginleyrb@cloudflare.com','3 Waxwing Street'),(985,'Pollich, Conroy and Lesch','EE787122740','Alina Pepperrall','+37251688215','apepperrallrc@google.com.au','8340 Lyons Park'),(986,'Hintz, Heathcote and Leffler','EE098580215','Noby Laird','+37259549009','nlairdrd@theglobeandmail.com','4 Pierstorff Terrace'),(987,'O\'Keefe Inc','EE445711345','Joella Arnison','+37255003764','jarnisonre@simplemachines.org','3 Fisk Plaza'),(988,'Zemlak-Osinski','EE328855197','Brandise Metcalf','+37252291975','bmetcalfrf@abc.net.au','4 Fair Oaks Drive'),(989,'O\'Connell, Heller and Reynolds','EE512699327','Prisca Barrott','+37256769980','pbarrottrg@huffingtonpost.com','6 Menomonie Plaza'),(990,'Wisozk, Kozey and Kreiger','EE699692500','Steward Arnal','+37252657879','sarnalrh@twitpic.com','3403 Hallows Way'),(991,'Williamson, Bernhard and Adams','EE292341861','Conchita Bronot','+37250526709','cbronotri@si.edu','99553 Kennedy Street'),(992,'McCullough-Monahan','EE660389620','Artur Normanvell','+37251688077','anormanvellrj@google.es','6 Lake View Trail'),(993,'Tromp and Sons','EE986365484','Claudine Chandlar','+37257775655','cchandlarrk@t.co','9 Clarendon Place'),(994,'Harvey Inc','EE389929047','Trefor Scarratt','+37259279946','tscarrattrl@tinypic.com','7 Kensington Place'),(995,'Kihn-Gleason','EE367300463','','+37253832590','ccrampseyrm@elegantthemes.com','9 Pennsylvania Parkway'),(996,'Renner LLC','EE086097525','Valentijn Yell','+37250657055','vyellrn@shutterfly.com','6434 Norway Maple Trail'),(997,'Kozey LLC','EE034567600','Byram Pendered','+37258306429','bpenderedro@sciencedirect.com','94261 Shopko Point'),(998,'Leffler, Oberbrunner and Gerlach','EE172350137','Hershel Kermannes','+37252365210','hkermannesrp@house.gov','5 Morningstar Alley'),(999,'Gulgowski and Sons','EE238750395','Brigitte Frushard','+37257052681','bfrushardrq@1688.com','57 Northland Alley'),(1000,'Greenholt, Witting and Wilkinson','EE093649690','Genny Lofting','+37258460816','gloftingrr@paypal.com','01073 Heffernan Plaza');
/*!40000 ALTER TABLE `client` ENABLE KEYS */;
UNLOCK TABLES;

--
-- Table structure for table `event_manager`
--

DROP TABLE IF EXISTS `event_manager`;
/*!40101 SET @saved_cs_client     = @@character_set_client */;
/*!50503 SET character_set_client = utf8mb4 */;
CREATE TABLE `event_manager` (
  `event_manager_ID` int(11) NOT NULL AUTO_INCREMENT,
  `name` text,
  `phone` text,
  `email` text,
  PRIMARY KEY (`event_manager_ID`)
) ENGINE=InnoDB AUTO_INCREMENT=101 DEFAULT CHARSET=latin1;
/*!40101 SET character_set_client = @saved_cs_client */;

--
-- Dumping data for table `event_manager`
--

LOCK TABLES `event_manager` WRITE;
/*!40000 ALTER TABLE `event_manager` DISABLE KEYS */;
INSERT INTO `event_manager` VALUES (1,'Douglass Hupe','+37255665409','dhupe0@edublogs.org'),(2,'Leanor Barford','+37258957344','lbarford1@techcrunch.com'),(3,'Richie Warlowe','+37252768993','rwarlowe2@multiply.com'),(4,'Conni Armitage','+37254445015',''),(5,'Mord Striker','+37254930831','mstriker4@tinyurl.com'),(6,'Vin Cato','+37250185065','vcato5@wsj.com'),(7,'Barbette Margaritelli','+37258275657','bmargaritelli6@cdc.gov'),(8,'Napoleon Jelfs','+37252401002','njelfs7@sakura.ne.jp'),(9,'Ezmeralda Ogers','+37257209656','eogers8@clickbank.net'),(10,'Bobbi Ruggiero','+37258600095','bruggiero9@springer.com'),(11,'Blythe Sparkwill','+37251398551','bsparkwilla@princeton.edu'),(12,'Lian Gilstin','+37259462454','lgilstinb@ustream.tv'),(13,'Colleen Hearthfield','+37254887927','chearthfieldc@comcast.net'),(14,'Brandise Paolozzi','+37251615718','bpaolozzid@ning.com'),(15,'Linette Heistermann','+37259603411','lheistermanne@newyorker.com'),(16,'Conant Fetterplace','+37255606755','cfetterplacef@ibm.com'),(17,'Coleman Laimable','+37256638403','claimableg@geocities.com'),(18,'Wanids Cannell','+37257256978','wcannellh@sphinn.com'),(19,'Fritz Dicey','+37255644198','fdiceyi@reddit.com'),(20,'Stacy Bartosik','+37251035733',''),(21,'Annmarie Loosemore','+37256131156','aloosemorek@ucsd.edu'),(22,'Joshua Killwick','+37257312224','jkillwickl@dot.gov'),(23,'Ulberto Cherry','+37250126069','ucherrym@vimeo.com'),(24,'Aubree Pegden','+37258953665','apegdenn@cbsnews.com'),(25,'Davide Salmen','+37259924323','dsalmeno@businessweek.com'),(26,'Sauveur Huyton','+37255161950','shuytonp@ask.com'),(27,'Cissiee Dark','+37259507325','cdarkq@addtoany.com'),(28,'Wynne Finder','+37252840068','wfinderr@java.com'),(29,'Julio Servis','+37252333083','jserviss@reverbnation.com'),(30,'Conan Zanutti','+37254055493','czanuttit@reuters.com'),(31,'Maura Correa','+37256692220','mcorreau@livejournal.com'),(32,'Ashia Archer','+37254017001','aarcherv@bravesites.com'),(33,'Siouxie Paramore','+37255785492','sparamorew@xing.com'),(34,'Galvin Nestoruk','+37257921368','gnestorukx@vkontakte.ru'),(35,'Dorisa Blacksell','+37259549839','dblackselly@cisco.com'),(36,'Husain Ashcroft','+37256113433','hashcroftz@dedecms.com'),(37,'Luelle Schowenburg','+37251521789','lschowenburg10@pagesperso-orange.fr'),(38,'Darin Cusiter','+37253811053','dcusiter11@ning.com'),(39,'Casar Tomasutti','+37253877146','ctomasutti12@tripod.com'),(40,'Queenie Waddell','+37250967129','qwaddell13@yolasite.com'),(41,'Yolanda Rivalland','+37254183330','yrivalland14@ucoz.ru'),(42,'Ibrahim Iddins','+37254211431','iiddins15@plala.or.jp'),(43,'Sinclare Wolfart','+37253978138','swolfart16@seesaa.net'),(44,'Sebastian Emmanuel','+37250439785','semmanuel17@independent.co.uk'),(45,'Arch Serfati','+37255861488','aserfati18@tuttocitta.it'),(46,'Burl Heilds','+37253071838','bheilds19@newsvine.com'),(47,'Zorana Mechell','+37252104446','zmechell1a@huffingtonpost.com'),(48,'Jesus Schimmang','+37252481719','jschimmang1b@ucla.edu'),(49,'Morganica Rodolfi','+37253512580',''),(50,'Elinore Cowlishaw','+37252006964','ecowlishaw1d@ezinearticles.com'),(51,'Wayne Ishak','+37259521835','wishak1e@google.de'),(52,'Juditha Bohler','+37252089960','jbohler1f@alexa.com'),(53,'Bryant Glasper','+37253565339','bglasper1g@prweb.com'),(54,'Gay Boulden','+37253818605','gboulden1h@networkadvertising.org'),(55,'Emogene Janiak','+37255142120','ejaniak1i@census.gov'),(56,'Holli Strettle','+37250050100','hstrettle1j@google.ca'),(57,'Guillema Wensley','+37254590253','gwensley1k@webs.com'),(58,'Andrea Hardaway','+37257513113','ahardaway1l@columbia.edu'),(59,'Niki Gooders','+37256202379','ngooders1m@multiply.com'),(60,'Annemarie Priest','+37253177871','apriest1n@ebay.co.uk'),(61,'Dean Forsdicke','+37256148652','dforsdicke1o@springer.com'),(62,'Shamus Pighills','+37250850633','spighills1p@ning.com'),(63,'Leanor Jeduch','+37257361268','ljeduch1q@rambler.ru'),(64,'Buffy Edmondson','+37251327599','bedmondson1r@blog.com'),(65,'Clint Spinage','+37253308377','cspinage1s@intel.com'),(66,'Elisha Mahaddie','+37253175653','emahaddie1t@rambler.ru'),(67,'Konstanze Woolfall','+37256335083','kwoolfall1u@goo.gl'),(68,'Greer Oldred','+37255934742','goldred1v@indiegogo.com'),(69,'Philippe Wingeatt','+37252923452','pwingeatt1w@twitter.com'),(70,'Ursala Blundon','+37251937843','ublundon1x@comsenz.com'),(71,'Hercules Riddington','+37254580475','hriddington1y@nhs.uk'),(72,'Wileen Lenoir','+37258479354','wlenoir1z@dedecms.com'),(73,'Brok D\'Oyly','+37253315643','bdoyly20@ebay.com'),(74,'Drucy Messenger','+37251983443','dmessenger21@ihg.com'),(75,'Ninon Mantripp','+37255752525','nmantripp22@tinyurl.com'),(76,'Dorris Coatsworth','+37255195259','dcoatsworth23@gov.uk'),(77,'Rochell Borgnet','+37255171265','rborgnet24@state.tx.us'),(78,'Jillana Portch','+37251040432','jportch25@ted.com'),(79,'Perri Eckert','+37251366776','peckert26@goo.ne.jp'),(80,'Crissie Karpov','+37255496476','ckarpov27@vkontakte.ru'),(81,'Lanni Plewman','+37250062185','lplewman28@google.com'),(82,'Elianora Knellen','+37257990882','eknellen29@indiegogo.com'),(83,'Christabella Fernan','+37251580437','cfernan2a@mit.edu'),(84,'Prince Jagson','+37251314101','pjagson2b@tinyurl.com'),(85,'Philomena Desquesnes','+37251912488','pdesquesnes2c@telegraph.co.uk'),(86,'Gracia Evitt','+37259782228','gevitt2d@youtube.com'),(87,'Romeo Silson','+37258460228','rsilson2e@cocolog-nifty.com'),(88,'Roselia Laws','+37257471697','rlaws2f@simplemachines.org'),(89,'Allistir Kenforth','+37258212096','akenforth2g@qq.com'),(90,'Sibyl Cromleholme','+37256852118','scromleholme2h@sitemeter.com'),(91,'Jess Flower','+37259102095','jflower2i@narod.ru'),(92,'Emelyne Olechnowicz','+37254388342','eolechnowicz2j@tmall.com'),(93,'Greggory Applewhaite','+37258321073','gapplewhaite2k@utexas.edu'),(94,'Larisa Slader','+37252395526',''),(95,'Minne Mountford','+37254547846','mmountford2m@exblog.jp'),(96,'Wilfred Janaway','+37256874829','wjanaway2n@usa.gov'),(97,'Jessey Awmack','+37256302129','jawmack2o@github.com'),(98,'Anselm Gouley','+37256809159','agouley2p@yelp.com'),(99,'Nikolos Lotze','+37254230177','nlotze2q@barnesandnoble.com'),(100,'Obadiah Huckster','+37259548029','ohuckster2r@xing.com');
/*!40000 ALTER TABLE `event_manager` ENABLE KEYS */;
UNLOCK TABLES;

--
-- Table structure for table `invoice`
--

DROP TABLE IF EXISTS `invoice`;
/*!40101 SET @saved_cs_client     = @@character_set_client */;
/*!50503 SET character_set_client = utf8mb4 */;
CREATE TABLE `invoice` (
  `invoice_number` int(11) NOT NULL AUTO_INCREMENT,
  `order_number` int(11) DEFAULT NULL,
  `date` date DEFAULT NULL,
  `due_date` date DEFAULT NULL,
  `offer_ID` int(11) DEFAULT NULL,
  PRIMARY KEY (`invoice_number`),
  KEY `offer_ID` (`offer_ID`),
  KEY `order_number` (`order_number`),
  CONSTRAINT `invoice_ibfk_2` FOREIGN KEY (`offer_ID`) REFERENCES `offer` (`offer_ID`),
  CONSTRAINT `invoice_ibfk_3` FOREIGN KEY (`order_number`) REFERENCES `order_` (`order_number`)
) ENGINE=InnoDB AUTO_INCREMENT=202000058 DEFAULT CHARSET=latin1;
/*!40101 SET character_set_client = @saved_cs_client */;

--
-- Dumping data for table `invoice`
--

LOCK TABLES `invoice` WRITE;
/*!40000 ALTER TABLE `invoice` DISABLE KEYS */;
INSERT INTO `invoice` VALUES (202000001,1,'2020-05-13','2020-06-12',1),(202000002,2,'2020-09-02','2020-10-02',2),(202000003,3,'2020-09-12','2020-10-12',3),(202000004,4,'2020-09-30','2020-10-30',4),(202000005,5,'2020-10-03','2020-11-02',5),(202000006,6,'2020-10-04','2020-11-03',6),(202000007,7,'2020-10-05','2020-11-04',7),(202000008,8,'2020-04-23','2020-05-23',8),(202000009,9,'2020-09-01','2020-10-01',9),(202000010,10,'2020-02-25','2020-03-26',10),(202000011,11,'2020-07-29','2020-08-28',11),(202000012,12,'2020-05-15','2020-06-14',12),(202000013,13,'2020-12-04','2021-01-03',13),(202000014,14,'2020-06-22','2020-07-22',14),(202000015,15,'2020-03-30','2020-04-29',15),(202000016,16,'2020-01-16','2020-02-15',17),(202000017,17,'2020-11-16','2020-12-16',18),(202000018,18,'2020-12-16','2021-01-15',19),(202000019,19,'2020-07-23','2020-08-22',20),(202000020,20,'2020-12-14','2021-01-13',22),(202000021,21,'2020-12-20','2021-01-19',23),(202000022,22,'2021-08-19','2021-09-18',24),(202000023,23,'2020-12-24','2021-01-23',25),(202000024,24,'2020-12-12','2021-01-11',26),(202000025,25,'2021-05-02','2021-06-01',27),(202000026,26,'2021-01-02','2021-02-01',28),(202000027,27,'2020-11-27','2020-12-27',29),(202000028,28,'2020-11-05','2020-12-05',30),(202000029,29,'2021-02-06','2021-03-08',31),(202000030,30,'2021-02-22','2021-03-24',32),(202000031,31,'2021-04-01','2021-05-01',33),(202000032,32,'2020-09-21','2020-10-21',34),(202000033,33,'2021-09-11','2021-10-11',36),(202000034,34,'2021-08-04','2021-09-03',37),(202000035,35,'2021-01-22','2021-02-21',38),(202000036,36,'2021-03-30','2021-04-29',39),(202000037,37,'2021-07-21','2021-08-20',40),(202000038,38,'2021-05-03','2021-06-02',41),(202000039,39,'2021-03-01','2021-03-31',42),(202000040,40,'2021-07-09','2021-08-08',43),(202000041,41,'2021-06-09','2021-07-09',44),(202000042,42,'2021-04-11','2021-05-11',45),(202000043,43,'2020-11-13','2020-12-13',46),(202000044,44,'2021-05-27','2021-06-26',47),(202000045,45,'2020-08-19','2020-09-18',48),(202000046,46,'2021-03-04','2021-04-03',50),(202000047,47,'2021-02-08','2021-03-10',51),(202000048,48,'2021-04-15','2021-05-15',52),(202000049,49,'2021-06-24','2021-07-24',53),(202000050,50,'2021-06-20','2021-07-20',54),(202000051,51,'2021-01-20','2021-02-19',55),(202000052,52,'2020-11-26','2020-12-26',56),(202000053,53,'2021-06-10','2021-07-10',57),(202000054,54,'2021-03-24','2021-04-23',59),(202000055,55,'2021-04-22','2021-05-22',60),(202000056,56,'2021-10-11','2021-11-10',61),(202000057,57,'2021-06-21','2021-07-21',62);
/*!40000 ALTER TABLE `invoice` ENABLE KEYS */;
UNLOCK TABLES;

--
-- Table structure for table `offer`
--

DROP TABLE IF EXISTS `offer`;
/*!40101 SET @saved_cs_client     = @@character_set_client */;
/*!50503 SET character_set_client = utf8mb4 */;
CREATE TABLE `offer` (
  `offer_ID` int(11) NOT NULL AUTO_INCREMENT,
  `request_ID` int(11) DEFAULT NULL,
  `total_price` int(11) DEFAULT NULL,
  PRIMARY KEY (`offer_ID`),
  KEY `request_ID` (`request_ID`)
) ENGINE=InnoDB AUTO_INCREMENT=63 DEFAULT CHARSET=latin1;
/*!40101 SET character_set_client = @saved_cs_client */;

--
-- Dumping data for table `offer`
--

LOCK TABLES `offer` WRITE;
/*!40000 ALTER TABLE `offer` DISABLE KEYS */;
INSERT INTO `offer` VALUES (1,1,1416),(2,3,2795),(3,4,8413),(4,6,2613),(5,10,8666),(6,11,6118),(7,13,941),(8,14,765),(9,15,5145),(10,17,3301),(11,18,591),(12,19,9068),(13,20,1911),(14,21,387),(15,22,5086),(16,23,15887),(17,25,555),(18,26,1240),(19,27,291),(20,29,7096),(21,30,22801),(22,31,4288),(23,33,8122),(24,34,6435),(25,35,8359),(26,37,7701),(27,38,3484),(28,39,112),(29,40,6351),(30,43,459),(31,44,9030),(32,45,685),(33,47,1323),(34,49,81),(35,50,10906),(36,51,845),(37,52,71),(38,53,4379),(39,54,5465),(40,55,1302),(41,62,675),(42,67,1710),(43,68,1883),(44,69,957),(45,70,3411),(46,71,612),(47,74,1119),(48,75,499),(49,76,12634),(50,77,7077),(51,78,4998),(52,79,2220),(53,81,4112),(54,84,207),(55,86,294),(56,87,5562),(57,89,4672),(58,90,13939),(59,92,1963),(60,95,1414),(61,96,5395),(62,100,924);
/*!40000 ALTER TABLE `offer` ENABLE KEYS */;
UNLOCK TABLES;

--
-- Table structure for table `order_`
--

DROP TABLE IF EXISTS `order_`;
/*!40101 SET @saved_cs_client     = @@character_set_client */;
/*!50503 SET character_set_client = utf8mb4 */;
CREATE TABLE `order_` (
  `order_number` int(11) NOT NULL AUTO_INCREMENT,
  `client_ID` int(11) DEFAULT NULL,
  `offer_ID` int(11) DEFAULT NULL,
  `event_manager_ID` int(11) DEFAULT NULL,
  `event_status` enum('upcoming','completed','cancelled') DEFAULT NULL,
  PRIMARY KEY (`order_number`),
  KEY `client_ID` (`client_ID`),
  KEY `event_manager_ID` (`event_manager_ID`),
  KEY `offer_ID` (`offer_ID`),
  CONSTRAINT `order__ibfk_2` FOREIGN KEY (`client_ID`) REFERENCES `client` (`client_id`) ON DELETE SET NULL,
  CONSTRAINT `order__ibfk_3` FOREIGN KEY (`event_manager_ID`) REFERENCES `event_manager` (`event_manager_ID`) ON DELETE SET NULL,
  CONSTRAINT `order__ibfk_4` FOREIGN KEY (`offer_ID`) REFERENCES `offer` (`offer_ID`)
) ENGINE=InnoDB AUTO_INCREMENT=58 DEFAULT CHARSET=latin1;
/*!40101 SET character_set_client = @saved_cs_client */;

--
-- Dumping data for table `order_`
--

LOCK TABLES `order_` WRITE;
/*!40000 ALTER TABLE `order_` DISABLE KEYS */;
INSERT INTO `order_` VALUES (1,816,1,100,'completed'),(2,983,2,33,'completed'),(3,37,3,38,'completed'),(4,52,4,86,'completed'),(5,917,5,25,'completed'),(6,41,6,8,'completed'),(7,110,7,96,'completed'),(8,129,8,1,'completed'),(9,9,9,89,'upcoming'),(10,322,10,61,'completed'),(11,114,11,44,'completed'),(12,885,12,75,'completed'),(13,757,13,78,'completed'),(14,82,14,17,'completed'),(15,596,15,14,'completed'),(16,692,17,66,'completed'),(17,16,18,NULL,'cancelled'),(18,112,19,62,'upcoming'),(19,109,20,50,'completed'),(20,882,22,86,'completed'),(21,672,23,40,'upcoming'),(22,304,24,98,'completed'),(23,290,25,23,'completed'),(24,824,26,95,'upcoming'),(25,142,27,22,'completed'),(26,601,28,58,'upcoming'),(27,460,29,54,'upcoming'),(28,680,30,54,'upcoming'),(29,243,31,29,'upcoming'),(30,137,32,41,'upcoming'),(31,34,33,7,'upcoming'),(32,882,34,58,'upcoming'),(33,325,36,81,'completed'),(34,703,37,79,'upcoming'),(35,658,38,2,'upcoming'),(36,903,39,8,'upcoming'),(37,869,40,1,'completed'),(38,475,41,42,'upcoming'),(39,763,42,57,'completed'),(40,242,43,12,'upcoming'),(41,188,44,96,'completed'),(42,239,45,NULL,'cancelled'),(43,948,46,51,'completed'),(44,69,47,77,'upcoming'),(45,326,48,NULL,'cancelled'),(46,227,50,43,'completed'),(47,156,51,67,'completed'),(48,734,52,86,'upcoming'),(49,46,53,41,'upcoming'),(50,251,54,56,'upcoming'),(51,804,55,16,'upcoming'),(52,876,56,69,'upcoming'),(53,595,57,44,'completed'),(54,724,59,56,'upcoming'),(55,482,60,45,'upcoming'),(56,547,61,65,'upcoming'),(57,314,62,30,'upcoming');
/*!40000 ALTER TABLE `order_` ENABLE KEYS */;
UNLOCK TABLES;

--
-- Table structure for table `request`
--

DROP TABLE IF EXISTS `request`;
/*!40101 SET @saved_cs_client     = @@character_set_client */;
/*!50503 SET character_set_client = utf8mb4 */;
CREATE TABLE `request` (
  `request_ID` int(11) NOT NULL AUTO_INCREMENT,
  `client_ID` int(11) DEFAULT NULL,
  `date_of_event` text,
  `calculate_photographer` text,
  `duration_photographer` int(11) DEFAULT NULL,
  `calculate_location` text,
  `duration_location` int(11) DEFAULT NULL,
  `calculate_catering` text,
  `number_of_persons` int(11) DEFAULT NULL,
  `calculate_entertainment` text,
  `date_of_request` date DEFAULT NULL,
  `deadline` date DEFAULT NULL,
  `request_status` enum('active','finished','not finished') DEFAULT NULL,
  PRIMARY KEY (`request_ID`)
) ENGINE=InnoDB AUTO_INCREMENT=101 DEFAULT CHARSET=latin1;
/*!40101 SET character_set_client = @saved_cs_client */;

--
-- Dumping data for table `request`
--

LOCK TABLES `request` WRITE;
/*!40000 ALTER TABLE `request` DISABLE KEYS */;
INSERT INTO `request` VALUES (1,816,'2020-06-25','Y',2,'Y',14,NULL,NULL,'Y','2020-05-27','2020-05-30','finished'),(2,794,'2020-12-04',NULL,NULL,'Y',23,NULL,NULL,NULL,'2020-11-30','2020-12-03','not finished'),(3,983,'2020-10-25','Y',3,'Y',13,'Y',31,'Y','2020-10-18','2020-10-21','finished'),(4,37,'2020-11-12',NULL,NULL,NULL,NULL,'Y',179,'Y','2020-10-15','2020-10-18','finished'),(5,573,'2020-12-12',NULL,NULL,NULL,NULL,NULL,NULL,'Y','2020-06-14','2020-06-17','finished'),(6,52,'2020-11-16',NULL,NULL,NULL,NULL,'Y',201,'Y','2020-08-29','2020-09-01','finished'),(7,861,'2021-05-16','Y',1,NULL,NULL,NULL,NULL,'Y','2020-09-19','2020-09-22','not finished'),(8,556,'2021-06-05',NULL,NULL,NULL,NULL,'Y',41,NULL,'2021-04-30','2021-05-03','not finished'),(9,507,'2020-10-14',NULL,NULL,NULL,NULL,'Y',170,'Y','2020-08-31','2020-09-03','not finished'),(10,917,'2021-04-09','Y',1,'Y',15,'Y',232,NULL,'2020-08-27','2020-08-30','finished'),(11,41,'2020-09-10','Y',3,NULL,NULL,'Y',133,NULL,'2020-09-04','2020-09-07','finished'),(12,758,'2021-06-27','Y',3,NULL,NULL,NULL,NULL,NULL,'2021-01-13','2021-01-16','not finished'),(13,110,'2021-01-16','Y',3,'Y',2,NULL,NULL,'Y','2020-12-14','2020-12-17','finished'),(14,129,'2020-08-04','Y',3,'Y',21,NULL,NULL,NULL,'2020-08-01','2020-08-04','finished'),(15,9,'2021-05-12','Y',1,'Y',11,'Y',147,'Y','2020-08-21','2020-08-24','finished'),(16,247,'2020-07-16',NULL,NULL,'Y',20,NULL,NULL,NULL,'2020-06-10','2020-06-13','finished'),(17,322,'2021-02-28',NULL,NULL,NULL,NULL,'Y',53,'Y','2020-08-04','2020-08-07','finished'),(18,114,'2020-12-29','Y',3,NULL,NULL,NULL,NULL,NULL,'2020-06-09','2020-06-12','finished'),(19,885,'2021-01-28','Y',2,NULL,NULL,'Y',242,'Y','2020-10-16','2020-10-19','finished'),(20,757,'2020-09-04',NULL,NULL,'Y',8,NULL,NULL,'Y','2020-07-20','2020-07-23','finished'),(21,82,'2020-11-16','Y',3,'Y',18,NULL,NULL,NULL,'2020-09-08','2020-09-11','finished'),(22,596,'2021-01-26','Y',3,'Y',20,'Y',27,'Y','2020-12-05','2020-12-08','finished'),(23,696,'2021-02-01','Y',1,'Y',15,'Y',216,'Y','2021-01-18','2021-01-21','finished'),(24,480,'2021-10-01','Y',3,'Y',7,NULL,NULL,'Y','2020-06-24','2020-06-27','not finished'),(25,692,'2021-02-05',NULL,NULL,'Y',3,NULL,NULL,NULL,'2020-07-04','2020-07-07','finished'),(26,16,'2021-01-24','Y',1,NULL,NULL,NULL,NULL,'Y','2020-12-23','2020-12-26','finished'),(27,112,'2021-06-14','Y',1,'Y',16,'Y',102,'Y','2020-08-03','2020-08-06','active'),(28,769,'2021-02-14','Y',2,NULL,NULL,NULL,NULL,NULL,'2020-08-03','2020-08-06','not finished'),(29,109,'2021-01-09',NULL,NULL,'Y',12,'Y',128,NULL,'2020-11-24','2020-11-27','finished'),(30,786,'2020-12-18','Y',2,'Y',2,'Y',291,NULL,'2020-10-02','2020-10-05','finished'),(31,882,'2021-03-21',NULL,NULL,'Y',21,'Y',68,NULL,'2020-12-07','2020-12-10','finished'),(32,849,'2021-04-06','Y',2,NULL,NULL,'Y',184,NULL,'2020-12-07','2020-12-10','not finished'),(33,672,'2021-05-14','Y',2,'Y',16,'Y',207,'Y','2021-01-29','2021-02-01','finished'),(34,304,'2020-11-03','Y',1,'Y',13,'Y',55,NULL,'2020-07-07','2020-07-10','finished'),(35,290,'2021-02-24',NULL,NULL,'Y',4,'Y',246,'Y','2021-01-19','2021-01-22','finished'),(36,769,'2021-10-24','Y',3,NULL,NULL,NULL,NULL,NULL,'2021-03-11','2021-03-14','not finished'),(37,824,'2021-09-16',NULL,NULL,'Y',3,'Y',183,'Y','2020-11-30','2020-12-03','finished'),(38,142,'2021-03-06','Y',3,NULL,NULL,'Y',67,NULL,'2020-11-23','2020-11-26','finished'),(39,601,'2021-05-12','Y',1,NULL,NULL,NULL,NULL,'Y','2021-01-27','2021-01-30','finished'),(40,460,'2021-09-02','Y',2,'Y',9,'Y',227,'Y','2021-04-06','2021-04-09','finished'),(41,100,'2021-06-15','Y',2,NULL,NULL,NULL,NULL,NULL,'2021-01-11','2021-01-14','not finished'),(42,539,'2021-04-13','Y',2,NULL,NULL,NULL,NULL,NULL,'2020-08-10','2020-08-13','not finished'),(43,680,'2021-08-21',NULL,NULL,'Y',13,NULL,NULL,'Y','2021-01-15','2021-01-18','finished'),(44,243,'2021-07-22',NULL,NULL,'Y',16,'Y',243,NULL,'2020-11-06','2020-11-09','finished'),(45,137,'2021-05-24','Y',3,'Y',4,NULL,NULL,NULL,'2021-04-08','2021-04-11','finished'),(46,699,'2020-12-26',NULL,NULL,'Y',8,NULL,NULL,NULL,'2020-09-11','2020-09-14','not finished'),(47,34,'2021-07-09',NULL,NULL,'Y',23,'Y',127,NULL,'2020-12-01','2020-12-04','active'),(48,868,'2021-01-01',NULL,NULL,NULL,NULL,'Y',53,NULL,'2020-12-21','2020-12-24','finished'),(49,882,'2021-08-07','Y',3,NULL,NULL,NULL,NULL,NULL,'2021-04-13','2021-04-16','finished'),(50,22,'2021-04-16',NULL,NULL,'Y',18,'Y',266,NULL,'2021-04-05','2021-04-08','finished'),(51,325,'2021-03-23','Y',3,'Y',21,NULL,NULL,'Y','2021-01-25','2021-01-28','finished'),(52,703,'2021-05-28','Y',1,NULL,NULL,'Y',279,NULL,'2021-02-11','2021-02-14','finished'),(53,658,'2021-08-06',NULL,NULL,'Y',3,'Y',49,'Y','2020-08-13','2020-08-16','finished'),(54,903,'2021-08-02','Y',1,NULL,NULL,'Y',210,NULL,'2020-10-09','2020-10-12','finished'),(55,869,'2021-03-04','Y',3,'Y',17,NULL,NULL,NULL,'2020-10-01','2020-10-04','finished'),(56,894,'2021-01-08','Y',2,'Y',10,NULL,NULL,NULL,'2020-10-15','2020-10-18','not finished'),(57,101,'2021-07-23',NULL,NULL,NULL,NULL,'Y',138,NULL,'2020-10-11','2020-10-14','not finished'),(58,356,'2021-01-04','Y',2,'Y',7,NULL,NULL,NULL,'2020-11-18','2020-11-21','finished'),(59,723,'2021-05-06',NULL,NULL,'Y',5,NULL,NULL,NULL,'2020-08-23','2020-08-26','not finished'),(60,320,'2021-06-04',NULL,NULL,NULL,NULL,'Y',71,'Y','2021-01-13','2021-01-16','active'),(61,486,'2021-11-23','Y',2,NULL,NULL,NULL,NULL,'Y','2020-12-30','2021-01-02','not finished'),(62,475,'2021-08-03','Y',1,'Y',13,'Y',34,'Y','2021-03-06','2021-03-09','finished'),(63,218,'2020-12-22','Y',1,NULL,NULL,NULL,NULL,NULL,'2020-08-19','2020-08-22','not finished'),(64,720,'2021-03-24','Y',2,NULL,NULL,'Y',287,NULL,'2021-02-18','2021-02-21','not finished'),(65,854,'2021-10-07','Y',2,NULL,NULL,'Y',209,NULL,'2020-11-06','2020-11-09','not finished'),(66,189,'2020-09-23',NULL,NULL,'Y',23,'Y',146,'Y','2020-08-13','2020-08-16','finished'),(67,763,'2021-01-12','Y',1,'Y',10,NULL,NULL,'Y','2020-07-22','2020-07-25','finished'),(68,242,'2021-09-15','Y',1,NULL,NULL,'Y',54,NULL,'2020-12-14','2020-12-17','finished'),(69,188,'2021-02-13','Y',1,'Y',9,NULL,NULL,NULL,'2020-06-23','2020-06-26','finished'),(70,239,'2021-09-14','Y',3,NULL,NULL,'Y',152,NULL,'2020-06-01','2020-06-04','finished'),(71,948,'2021-03-13',NULL,NULL,'Y',6,NULL,NULL,'Y','2020-11-22','2020-11-25','finished'),(72,2,'2021-11-03','Y',1,'Y',9,'Y',198,NULL,'2021-01-24','2021-01-27','not finished'),(73,523,'2020-11-19',NULL,NULL,'Y',4,NULL,NULL,'Y','2020-10-26','2020-10-29','finished'),(74,69,'2021-08-01',NULL,NULL,'Y',11,'Y',198,'Y','2020-11-26','2020-11-29','finished'),(75,326,'2021-07-04','Y',3,'Y',10,'Y',25,'Y','2020-07-08','2020-07-11','active'),(76,831,'2020-09-13','Y',3,'Y',11,'Y',272,'Y','2020-06-21','2020-06-24','finished'),(77,227,'2021-02-14','Y',3,NULL,NULL,'Y',147,NULL,'2020-08-24','2020-08-27','finished'),(78,156,'2021-04-18','Y',3,'Y',5,NULL,NULL,'Y','2020-11-11','2020-11-14','finished'),(79,734,'2021-12-03',NULL,NULL,NULL,NULL,'Y',185,NULL,'2021-03-13','2021-03-16','finished'),(80,259,'2021-06-17',NULL,NULL,'Y',5,'Y',276,NULL,'2020-10-11','2020-10-14','not finished'),(81,46,'2021-11-11','Y',3,'Y',15,'Y',25,'Y','2020-06-29','2020-07-02','finished'),(82,179,'2021-06-15','Y',3,NULL,NULL,NULL,NULL,'Y','2020-08-02','2020-08-05','not finished'),(83,735,'2021-08-25','Y',2,'Y',2,NULL,NULL,NULL,'2020-09-12','2020-09-15','not finished'),(84,251,'2021-05-02','Y',3,NULL,NULL,'Y',277,NULL,'2021-01-31','2021-02-03','finished'),(85,944,'2021-01-07',NULL,NULL,'Y',21,'Y',61,NULL,'2020-12-16','2020-12-19','not finished'),(86,804,'2021-05-09','Y',2,'Y',17,NULL,NULL,'Y','2020-10-21','2020-10-24','finished'),(87,876,'2021-07-22','Y',3,NULL,NULL,'Y',90,'Y','2020-09-10','2020-09-13','finished'),(88,918,'2021-06-04',NULL,NULL,'Y',13,NULL,NULL,NULL,'2020-10-24','2020-10-27','not finished'),(89,595,'2021-01-21',NULL,NULL,'Y',2,'Y',45,'Y','2021-01-11','2021-01-14','finished'),(90,571,'2020-08-13',NULL,NULL,NULL,NULL,'Y',296,'Y','2020-08-10','2020-08-13','finished'),(91,13,'2021-02-28',NULL,NULL,NULL,NULL,NULL,NULL,'Y','2021-02-05','2021-02-08','not finished'),(92,724,'2021-11-11','Y',2,NULL,NULL,NULL,NULL,'Y','2021-04-15','2021-04-18','finished'),(93,330,'2020-09-18',NULL,NULL,NULL,NULL,'Y',141,NULL,'2020-09-01','2020-09-04','finished'),(94,934,'2021-09-02','Y',1,NULL,NULL,NULL,NULL,NULL,'2020-10-24','2020-10-27','not finished'),(95,482,'2021-07-21',NULL,NULL,'Y',10,'Y',141,NULL,'2020-12-05','2020-12-08','finished'),(96,547,'2021-10-01','Y',2,'Y',21,'Y',86,'Y','2020-08-15','2020-08-18','finished'),(97,697,'2021-07-30',NULL,NULL,NULL,NULL,NULL,NULL,'Y','2021-03-01','2021-03-04','not finished'),(98,868,'2021-10-07',NULL,NULL,'Y',24,NULL,NULL,NULL,'2020-08-06','2020-08-09','not finished'),(99,812,'2020-11-16',NULL,NULL,NULL,NULL,NULL,NULL,'Y','2020-10-04','2020-10-07','finished'),(100,314,'2021-07-10','Y',2,NULL,NULL,'Y',44,NULL,'2021-04-24','2021-04-27','active');
/*!40000 ALTER TABLE `request` ENABLE KEYS */;
UNLOCK TABLES;

--
-- Table structure for table `score_of_event_manager`
--

DROP TABLE IF EXISTS `score_of_event_manager`;
/*!40101 SET @saved_cs_client     = @@character_set_client */;
/*!50503 SET character_set_client = utf8mb4 */;
CREATE TABLE `score_of_event_manager` (
  `order_number` int(11) NOT NULL,
  `event_manager_ID` int(11) NOT NULL,
  `score` int(11) DEFAULT NULL,
  PRIMARY KEY (`order_number`,`event_manager_ID`),
  KEY `event_manager_ID` (`event_manager_ID`),
  CONSTRAINT `score_of_event_manager_ibfk_2` FOREIGN KEY (`event_manager_ID`) REFERENCES `event_manager` (`event_manager_ID`) ON DELETE CASCADE,
  CONSTRAINT `score_of_event_manager_ibfk_3` FOREIGN KEY (`order_number`) REFERENCES `order_` (`order_number`)
) ENGINE=InnoDB DEFAULT CHARSET=latin1;
/*!40101 SET character_set_client = @saved_cs_client */;

--
-- Dumping data for table `score_of_event_manager`
--

LOCK TABLES `score_of_event_manager` WRITE;
/*!40000 ALTER TABLE `score_of_event_manager` DISABLE KEYS */;
INSERT INTO `score_of_event_manager` VALUES (1,100,4),(2,33,3),(3,38,5),(4,86,4),(5,25,5),(6,8,5),(7,96,5),(8,1,4),(10,61,4),(11,44,4),(12,75,5),(13,78,5),(14,17,3),(15,14,1),(16,66,3),(19,50,1),(20,86,3),(22,98,5),(23,23,5),(25,22,5),(33,81,5),(37,1,4),(39,57,1),(41,96,4),(43,51,5),(46,43,2),(47,67,3),(53,44,5);
/*!40000 ALTER TABLE `score_of_event_manager` ENABLE KEYS */;
UNLOCK TABLES;

--
-- Table structure for table `score_of_service`
--

DROP TABLE IF EXISTS `score_of_service`;
/*!40101 SET @saved_cs_client     = @@character_set_client */;
/*!50503 SET character_set_client = utf8mb4 */;
CREATE TABLE `score_of_service` (
  `order_number` int(11) NOT NULL,
  `service_ID` int(11) NOT NULL,
  `score` int(11) DEFAULT NULL,
  PRIMARY KEY (`order_number`,`service_ID`),
  KEY `service_ID` (`service_ID`),
  CONSTRAINT `score_of_service_ibfk_2` FOREIGN KEY (`service_ID`) REFERENCES `service` (`service_ID`) ON DELETE CASCADE,
  CONSTRAINT `score_of_service_ibfk_3` FOREIGN KEY (`order_number`) REFERENCES `order_` (`order_number`)
) ENGINE=InnoDB DEFAULT CHARSET=latin1;
/*!40101 SET character_set_client = @saved_cs_client */;

--
-- Dumping data for table `score_of_service`
--

LOCK TABLES `score_of_service` WRITE;
/*!40000 ALTER TABLE `score_of_service` DISABLE KEYS */;
INSERT INTO `score_of_service` VALUES (1,1,4),(1,24,4),(1,340,4),(2,1,4),(2,7,4),(2,37,5),(2,333,5),(2,443,4),(3,58,1),(4,57,5),(5,205,5),(5,385,1),(6,126,4),(7,26,4),(7,77,5),(8,18,1),(8,310,4),(10,58,1),(10,149,4),(11,131,4),(12,21,4),(12,165,4),(12,400,4),(13,2,4),(13,309,4),(14,163,4),(15,2,4),(15,3,3),(15,29,3),(15,137,4),(15,143,4),(15,190,4),(16,269,4),(19,2,4),(19,115,4),(20,10,4),(20,287,1),(22,55,5),(22,57,5),(22,79,5),(22,125,4),(23,35,5),(23,44,4),(23,98,1),(23,105,4),(25,195,4),(25,199,4),(33,8,1),(33,353,5),(37,35,5),(39,23,5),(39,24,4),(39,240,4),(41,92,5),(43,112,4),(46,126,4),(46,317,4),(47,2,5),(47,9,3),(47,20,4),(47,26,2),(47,30,5),(47,77,4),(47,304,4),(53,44,4),(53,79,4),(53,113,4),(53,260,5);
/*!40000 ALTER TABLE `score_of_service` ENABLE KEYS */;
UNLOCK TABLES;

--
-- Table structure for table `service`
--

DROP TABLE IF EXISTS `service`;
/*!40101 SET @saved_cs_client     = @@character_set_client */;
/*!50503 SET character_set_client = utf8mb4 */;
CREATE TABLE `service` (
  `service_ID` int(11) NOT NULL AUTO_INCREMENT,
  `service_provider_ID` int(11) DEFAULT NULL,
  `specialization` text,
  `name` text,
  `description` text,
  `contact_person` text,
  `address` text,
  `phone` text,
  `type` text,
  `size` int(11) DEFAULT NULL,
  `duration` int(11) DEFAULT NULL,
  `price_per_hour` int(11) DEFAULT NULL,
  `price_per_day` int(11) DEFAULT NULL,
  `price_per_performance` int(11) DEFAULT NULL,
  `price_per_person` int(11) DEFAULT NULL,
  PRIMARY KEY (`service_ID`),
  KEY `service_provider_ID` (`service_provider_ID`),
  CONSTRAINT `service_ibfk_1` FOREIGN KEY (`service_provider_ID`) REFERENCES `service_provider` (`service_provider_ID`) ON DELETE SET NULL
) ENGINE=InnoDB AUTO_INCREMENT=501 DEFAULT CHARSET=latin1;
/*!40101 SET character_set_client = @saved_cs_client */;

--
-- Dumping data for table `service`
--

LOCK TABLES `service` WRITE;
/*!40000 ALTER TABLE `service` DISABLE KEYS */;
INSERT INTO `service` VALUES (1,151,'entertainment','Swift-Rosenbaum',NULL,NULL,NULL,'+37253215795',NULL,NULL,2,NULL,NULL,232,NULL),(2,144,'location','Penatibus et','Donec odio justo, sollicitudin ut, suscipit a, feugiat et, eros.','Lorna Bunworth','3566 Marquette Parkway','+37259874094','terrace',761,NULL,474,1848,NULL,NULL),(3,9,'entertainment','Nulla sed accumsan',NULL,NULL,NULL,'+37250514402',NULL,NULL,2,NULL,NULL,482,NULL),(4,9,'photographer','McDermott, Borer and Rowe',NULL,NULL,NULL,'+37251273649',NULL,NULL,NULL,127,903,NULL,NULL),(5,178,'photographer','Luctus',NULL,NULL,NULL,'+37253043181',NULL,NULL,NULL,114,1544,NULL,NULL),(6,21,'photographer','Hane, Hansen and Zemlak','Pellentesque ultrices mattis odio.','Bran McIlreavy',NULL,'+37253433653',NULL,NULL,NULL,41,568,NULL,NULL),(7,25,'photographer','Mante LLC','Curabitur at ipsum ac tellus semper interdum.','Marci Fripp',NULL,'+37251704265',NULL,NULL,NULL,41,767,NULL,NULL),(8,89,'entertainment','Glover, Bayer and Terry','Sed sagittis.','Lyndsie Dorbin',NULL,'+37259496229',NULL,NULL,3,NULL,NULL,103,NULL),(9,2,'location','Congue etiam justo','Proin eu mi.','Lesya Ruggles','35 Dexter Drive','+37253115050','room',754,NULL,147,1522,NULL,NULL),(10,93,'catering','Stanton, Conroy and Hand','Integer ac leo.','Neal Rabbage',NULL,'+37258332336','mixed',NULL,NULL,NULL,NULL,NULL,50),(11,44,'catering','Heller Inc',NULL,NULL,NULL,'+37257369305','mixed',NULL,NULL,NULL,NULL,NULL,36),(12,169,'entertainment','Balistreri-Schoen','Nulla ut erat id mauris vulputate elementum.','Ula Carluccio',NULL,'+37257030258',NULL,NULL,1,NULL,NULL,869,NULL),(13,85,'catering','Nullam sit amet','Fusce posuere felis sed lacus.','Delaney Aulsford',NULL,'+37256073004','mixed',NULL,NULL,NULL,NULL,NULL,32),(14,35,'location','O\'Kon-King','Nulla tellus.','Schuyler Loy','1 Shasta Junction','+37258856167','room',964,NULL,173,1332,NULL,NULL),(15,192,'photographer','Swift-Pagac',NULL,NULL,NULL,'+37258287747',NULL,NULL,NULL,27,640,NULL,NULL),(16,18,'location','Venenatis turpis enim',NULL,NULL,'454 Anderson Point','+37256881115','room',346,NULL,58,346,NULL,NULL),(17,152,'entertainment','Pfeffer-Heller','Praesent blandit lacinia erat.','Annamaria Cossem',NULL,'+37250050267',NULL,NULL,1,NULL,NULL,720,NULL),(18,89,'location','Risus','Proin risus.','Alvy Janca','608 Maryland Place','+37255827261','room',435,NULL,116,603,NULL,NULL),(19,142,'entertainment','Sapien',NULL,NULL,NULL,'+37258831790',NULL,NULL,2,NULL,NULL,730,NULL),(20,95,'entertainment','Durgan LLC','Quisque erat eros, viverra eget, congue eget, semper rutrum, nulla.','Hortense Dominy',NULL,'+37252377879',NULL,NULL,1,NULL,NULL,468,NULL),(21,112,'photographer','Haag LLC',NULL,NULL,NULL,'+37256313647',NULL,NULL,NULL,57,408,NULL,NULL),(22,151,'catering','Convallis','Nulla justo.','Randene Orrin',NULL,'+37254329411','vegetarian',NULL,NULL,NULL,NULL,NULL,40),(23,169,'photographer','Adipiscing elit proin',NULL,NULL,NULL,'+37258278868',NULL,NULL,NULL,137,1130,NULL,NULL),(24,94,'location','Nunc',NULL,NULL,'35 Mayer Crossing','+37258046392','back yard',153,NULL,166,912,NULL,NULL),(25,129,'entertainment','Gleichner Group',NULL,NULL,NULL,'+37254526518',NULL,NULL,3,NULL,NULL,187,NULL),(26,159,'location','Donnelly Inc','Sed accumsan felis.','Fara Swindles','8364 Sachtjen Alley','+37252013672','terrace',653,NULL,168,1228,NULL,NULL),(27,4,'entertainment','Heidenreich, Sauer and Gerhold',NULL,NULL,NULL,'+37252964389',NULL,NULL,2,NULL,NULL,593,NULL),(28,155,'location','Gislason, Mayer and Kihn',NULL,NULL,'00 Nancy Alley','+37255074616','room',558,NULL,121,1471,NULL,NULL),(29,148,'catering','Ipsum praesent','Aenean lectus.','Tybi Castleton',NULL,'+37255236938','mixed',NULL,NULL,NULL,NULL,NULL,25),(30,33,'location','Morissette-Reinger',NULL,NULL,'534 Pankratz Road','+37254045213','back yard',708,NULL,186,427,NULL,NULL),(31,87,'catering','Nisi',NULL,NULL,NULL,'+37253029127','vegetarian',NULL,NULL,NULL,NULL,NULL,15),(32,162,'photographer','Risus',NULL,NULL,NULL,'+37254884483',NULL,NULL,NULL,100,1028,NULL,NULL),(33,93,'catering','Id','Vivamus vel nulla eget eros elementum pellentesque.','Geralda Yule',NULL,'+37256563786','mixed',NULL,NULL,NULL,NULL,NULL,28),(34,92,'photographer','Amet sapien','Vestibulum quam sapien, varius ut, blandit non, interdum in, ante.','Eustacia Sidwick',NULL,'+37253579362',NULL,NULL,NULL,23,585,NULL,NULL),(35,19,'location','Frami-Koch',NULL,NULL,'056 Tony Point','+37256116591','room',421,NULL,128,1302,NULL,NULL),(36,50,'location','Nisl nunc',NULL,NULL,'6383 Di Loreto Center','+37256269321','room',214,NULL,50,302,NULL,NULL),(37,129,'catering','Gleichner Group','Praesent id massa id nisl venenatis lacinia.','Farris Falck',NULL,'+37256323738','mixed',NULL,NULL,NULL,NULL,NULL,21),(38,174,'entertainment','Harris Inc',NULL,NULL,NULL,'+37257909088',NULL,NULL,1,NULL,NULL,417,NULL),(39,179,'location','Reinger LLC',NULL,NULL,'527 Merchant Park','+37256970520','park area',589,NULL,NULL,759,NULL,NULL),(40,42,'photographer','Pretium nisl','Sed accumsan felis.','Forbes Lindegard',NULL,'+37254736431',NULL,NULL,NULL,125,2000,NULL,NULL),(41,181,'entertainment','Gleichner-Bradtke','Nullam sit amet turpis elementum ligula vehicula consequat.','Fabio Pratley',NULL,'+37259089242',NULL,NULL,1,NULL,NULL,518,NULL),(42,166,'catering','Sed vestibulum sit',NULL,NULL,NULL,'+37250273121','mixed',NULL,NULL,NULL,NULL,NULL,29),(43,141,'catering','Harvey-Gislason',NULL,NULL,NULL,'+37258697025','mixed',NULL,NULL,NULL,NULL,NULL,31),(44,89,'catering','Suscipit',NULL,NULL,NULL,'+37251236584','mixed',NULL,NULL,NULL,NULL,NULL,26),(45,186,'photographer','Hahn and Sons',NULL,NULL,NULL,'+37254270172',NULL,NULL,NULL,86,1385,NULL,NULL),(46,56,'photographer','Bartoletti, Goyette and Hermiston',NULL,NULL,NULL,'+37252406975',NULL,NULL,NULL,117,574,NULL,NULL),(47,24,'catering','Ut','Cras mi pede, malesuada in, imperdiet et, commodo vulputate, justo.','Niven MacGinney',NULL,'+37253136998','mixed',NULL,NULL,NULL,NULL,NULL,44),(48,136,'photographer','Proin risus','Sed vel enim sit amet nunc viverra dapibus.','Genna Ettery',NULL,'+37252466524',NULL,NULL,NULL,86,1923,NULL,NULL),(49,92,'location','Torphy Group','In hac habitasse platea dictumst.','Twyla Littlewood','17328 Waxwing Court','+37251162747','room',682,NULL,484,936,NULL,NULL),(50,62,'photographer','Welch, Koepp and Romaguera','Etiam justo.','Rip Brahan',NULL,'+37259689471',NULL,NULL,NULL,54,701,NULL,NULL),(51,91,'entertainment','Kessler-Ankunding',NULL,NULL,NULL,'+37256096312',NULL,NULL,3,NULL,NULL,581,NULL),(52,171,'location','Boehm-Heidenreich','Curabitur in libero ut massa volutpat convallis.','Merrie Ephgrave','7336 Alpine Street','+37253237972','park area',599,NULL,NULL,1172,NULL,NULL),(53,99,'photographer','Hartmann LLC','Nam ultrices, libero non mattis pulvinar, nulla pede ullamcorper augue, a suscipit nulla elit ac nulla.','Franny Ayrton',NULL,'+37250005981',NULL,NULL,NULL,77,1057,NULL,NULL),(54,15,'catering','Ledner, Gerhold and Gleichner',NULL,NULL,NULL,'+37251305265','sweet',NULL,NULL,NULL,NULL,NULL,14),(55,40,'catering','Lectus suspendisse potenti',NULL,NULL,NULL,'+37254026334','mixed',NULL,NULL,NULL,NULL,NULL,46),(56,161,'location','Leuschke, Ritchie and Walter','Fusce lacus purus, aliquet at, feugiat non, pretium quis, lectus.','Addie Dearman','782 Saint Paul Drive','+37253669869','room',667,NULL,186,1120,NULL,NULL),(57,164,'catering','Bogan-Hettinger',NULL,NULL,NULL,'+37252116273','vegetarian',NULL,NULL,NULL,NULL,NULL,13),(58,148,'catering','Gleichner-Ondricka',NULL,NULL,NULL,'+37259934082','vegetarian',NULL,NULL,NULL,NULL,NULL,47),(59,69,'catering','Grant Inc',NULL,NULL,NULL,'+37254595623','mixed',NULL,NULL,NULL,NULL,NULL,47),(60,197,'entertainment','Kohler-King',NULL,NULL,NULL,'+37259117157',NULL,NULL,2,NULL,NULL,932,NULL),(61,59,'catering','Ratke and Sons','Donec semper sapien a libero.','Madelyn Lawlance',NULL,'+37250935356','sweet',NULL,NULL,NULL,NULL,NULL,12),(62,80,'catering','Morissette, Nicolas and Jacobs','Donec semper sapien a libero.','Kareem Grigsby',NULL,'+37258043282','vegetarian',NULL,NULL,NULL,NULL,NULL,13),(63,104,'entertainment','Lang, Dare and Bailey',NULL,NULL,NULL,'+37254388985',NULL,NULL,2,NULL,NULL,862,NULL),(64,179,'entertainment','Reinger LLC',NULL,NULL,NULL,'+37250131597',NULL,NULL,1,NULL,NULL,917,NULL),(65,30,'photographer','Stiedemann, Stehr and Dare',NULL,NULL,NULL,'+37258513334',NULL,NULL,NULL,60,1360,NULL,NULL),(66,79,'location','Mertz LLC','Donec vitae nisi.','Eddi Kless','10883 Waxwing Place','+37250664690','park area',801,NULL,NULL,1151,NULL,NULL),(67,92,'catering','Consectetuer','Vivamus in felis eu sapien cursus vestibulum.','Hayyim Brister',NULL,'+37250768967','mixed',NULL,NULL,NULL,NULL,NULL,26),(68,156,'photographer','Scelerisque mauris sit','Quisque erat eros, viverra eget, congue eget, semper rutrum, nulla.','Caty Thurgood',NULL,'+37251819809',NULL,NULL,NULL,193,1841,NULL,NULL),(69,18,'entertainment','Ratke, Herman and Keeling','Praesent blandit.','Hyacinthe Lagneaux',NULL,'+37251178224',NULL,NULL,2,NULL,NULL,415,NULL),(70,197,'entertainment','Id justo',NULL,NULL,NULL,'+37257578283',NULL,NULL,2,NULL,NULL,783,NULL),(71,99,'photographer','Hartmann LLC','Quisque arcu libero, rutrum ac, lobortis vel, dapibus at, diam.','Dionne Runsey',NULL,'+37257530939',NULL,NULL,NULL,61,1069,NULL,NULL),(72,157,'catering','Ebert Group','Praesent lectus.','Linc Esp',NULL,'+37251190380','vegetarian',NULL,NULL,NULL,NULL,NULL,10),(73,146,'location','Neque','Cras in purus eu magna vulputate luctus.','Benny Stanners','5 Packers Court','+37255897002','park area',650,NULL,NULL,1041,NULL,NULL),(74,21,'location','Id',NULL,NULL,'2 Browning Crossing','+37255821415','room',475,NULL,452,665,NULL,NULL),(75,73,'catering','Justo',NULL,NULL,NULL,'+37259008259','vegetarian',NULL,NULL,NULL,NULL,NULL,33),(76,39,'entertainment','Eget',NULL,NULL,NULL,'+37259646433',NULL,NULL,2,NULL,NULL,581,NULL),(77,80,'location','Duis',NULL,NULL,'66478 Acker Crossing','+37254182948','back yard',301,NULL,341,605,NULL,NULL),(78,113,'photographer','Tortor quis turpis',NULL,NULL,NULL,'+37254425121',NULL,NULL,NULL,87,1008,NULL,NULL),(79,196,'catering','Zieme LLC','Aenean fermentum.','Patten Rottery',NULL,'+37253008207','mixed',NULL,NULL,NULL,NULL,NULL,21),(80,46,'photographer','Carter-Hilpert',NULL,NULL,NULL,'+37258561960',NULL,NULL,NULL,110,1417,NULL,NULL),(81,17,'entertainment','Zboncak-Marquardt','Curabitur convallis.','Jo-anne Harmston',NULL,'+37255668242',NULL,NULL,3,NULL,NULL,911,NULL),(82,193,'entertainment','Boyer, Greenholt and Wehner',NULL,NULL,NULL,'+37251790701',NULL,NULL,1,NULL,NULL,197,NULL),(83,40,'location','Schultz-Brakus',NULL,NULL,'91 Larry Street','+37258457310','room',706,NULL,192,1472,NULL,NULL),(84,91,'photographer','Consectetuer eget rutrum',NULL,NULL,NULL,'+37257301331',NULL,NULL,NULL,76,1043,NULL,NULL),(85,135,'location','Langworth-Thiel',NULL,NULL,'907 Lotheville Trail','+37257886225','park area',464,NULL,NULL,1499,NULL,NULL),(86,120,'location','Id ornare imperdiet','Nullam sit amet turpis elementum ligula vehicula consequat.','Lois Rodrig','5 Kropf Street','+37254992214','park area',854,NULL,NULL,2249,NULL,NULL),(87,110,'photographer','Volutpat sapien arcu','In quis justo.','Klaus McGarahan',NULL,'+37258881671',NULL,NULL,NULL,17,442,NULL,NULL),(88,192,'location','Swift-Pagac','Pellentesque ultrices mattis odio.','Beltran Kattenhorn','162 Del Mar Drive','+37250350420','room',105,NULL,47,282,NULL,NULL),(89,101,'entertainment','Crist and Sons',NULL,NULL,NULL,'+37256225596',NULL,NULL,1,NULL,NULL,86,NULL),(90,51,'location','Non velit','Etiam justo.','Tildi McClaren','2 Sauthoff Center','+37253561372','room',673,NULL,328,1073,NULL,NULL),(91,136,'location','Mauris laoreet ut','Mauris ullamcorper purus sit amet nulla.','Sile Tesseyman','386 Kropf Junction','+37257503435','room',485,NULL,173,889,NULL,NULL),(92,160,'location','Non sodales',NULL,NULL,'9443 Loomis Street','+37259603498','room',781,NULL,182,957,NULL,NULL),(93,91,'location','Kessler-Ankunding','Donec vitae nisi.','Lea Griffin','818 Mariners Cove Street','+37253656515','room',217,NULL,77,459,NULL,NULL),(94,155,'catering','Gislason, Mayer and Kihn',NULL,NULL,NULL,'+37254111351','mixed',NULL,NULL,NULL,NULL,NULL,41),(95,199,'entertainment','Satterfield and Sons','Lorem ipsum dolor sit amet, consectetuer adipiscing elit.','Yvor Emig',NULL,'+37253371949',NULL,NULL,3,NULL,NULL,653,NULL),(96,56,'location','Bartoletti, Goyette and Hermiston','Quisque ut erat.','Maurita Lorans','2901 Hoard Trail','+37257500529','room',512,NULL,142,786,NULL,NULL),(97,65,'photographer','Semper porta','Fusce lacus purus, aliquet at, feugiat non, pretium quis, lectus.','Carlina Mouton',NULL,'+37252880700',NULL,NULL,NULL,5,442,NULL,NULL),(98,128,'entertainment','Felis','Nullam porttitor lacus at turpis.','Robert Bogges',NULL,'+37254477096',NULL,NULL,2,NULL,NULL,592,NULL),(99,39,'catering','Reinger Inc','Aenean lectus.','Greggory Hubbuck',NULL,'+37259299217','mixed',NULL,NULL,NULL,NULL,NULL,49),(100,22,'location','Kulas, Mayert and Doyle',NULL,NULL,'2232 Buell Center','+37257614955','room',287,NULL,54,326,NULL,NULL),(101,173,'entertainment','Bergstrom-Nolan','In hac habitasse platea dictumst.','Larissa Birchwood',NULL,'+37258683818',NULL,NULL,2,NULL,NULL,272,NULL),(102,24,'location','Schuppe, Morissette and Langosh','Mauris enim leo, rhoncus sed, vestibulum sit amet, cursus id, turpis.','Joy Ausher','262 Park Meadow Point','+37252118700','room',79,NULL,64,386,NULL,NULL),(103,89,'location','Glover, Bayer and Terry','Sed vel enim sit amet nunc viverra dapibus.','Pierette Trodd','87 Bowman Drive','+37252880544','room',390,NULL,71,426,NULL,NULL),(104,136,'entertainment','Sed',NULL,NULL,NULL,'+37253332531',NULL,NULL,3,NULL,NULL,785,NULL),(105,137,'location','Harris-Pollich','Proin risus.','Abran Eley','13 Quincy Point','+37255312740','park area',1680,NULL,NULL,859,NULL,NULL),(106,9,'entertainment','McDermott, Borer and Rowe',NULL,NULL,NULL,'+37259521294',NULL,NULL,2,NULL,NULL,109,NULL),(107,123,'photographer','Collier-Langworth','Maecenas tincidunt lacus at velit.','Megen Purseglove',NULL,'+37251579822',NULL,NULL,NULL,39,728,NULL,NULL),(108,57,'location','Roberts, Sporer and Wuckert','Nulla ac enim.','Shane Poletto','00 Huxley Hill','+37251611477','room',312,NULL,60,361,NULL,NULL),(109,179,'entertainment','Reinger LLC',NULL,NULL,NULL,'+37255211959',NULL,NULL,1,NULL,NULL,864,NULL),(110,78,'photographer','Luettgen LLC',NULL,NULL,NULL,'+37253536856',NULL,NULL,NULL,128,1129,NULL,NULL),(111,69,'entertainment','Velit eu','In hac habitasse platea dictumst.','Kayla Legan',NULL,'+37255410098',NULL,NULL,2,NULL,NULL,655,NULL),(112,17,'location','Zboncak-Marquardt',NULL,NULL,'4 Everett Way','+37255735627','room',917,NULL,102,1091,NULL,NULL),(113,117,'catering','Convallis','Aliquam quis turpis eget elit sodales scelerisque.','Tome Antoniades',NULL,'+37259872067','vegetarian',NULL,NULL,NULL,NULL,NULL,50),(114,115,'entertainment','Auer Group',NULL,NULL,NULL,'+37257160735',NULL,NULL,2,NULL,NULL,385,NULL),(115,178,'catering','West-Balistreri',NULL,NULL,NULL,'+37254440350','mixed',NULL,NULL,NULL,NULL,NULL,41),(116,71,'catering','Wisozk Inc','Nulla nisl.','Lillis Gwilliam',NULL,'+37259487808','vegetarian',NULL,NULL,NULL,NULL,NULL,33),(117,76,'catering','Sapien cum sociis','Donec posuere metus vitae ipsum.','Chico Hiner',NULL,'+37253979581','mixed',NULL,NULL,NULL,NULL,NULL,45),(118,58,'location','Murazik, Muller and Gibson','Donec posuere metus vitae ipsum.','Jean Ducastel','59 Dayton Trail','+37251881302','room',461,NULL,491,624,NULL,NULL),(119,37,'catering','Littel-Muller','Praesent blandit.','Niel Graeme',NULL,'+37258949573','vegetarian',NULL,NULL,NULL,NULL,NULL,43),(120,41,'entertainment','Altenwerth Inc',NULL,NULL,NULL,'+37254517711',NULL,NULL,2,NULL,NULL,869,NULL),(121,80,'photographer','Morissette, Nicolas and Jacobs',NULL,NULL,NULL,'+37258954415',NULL,NULL,NULL,164,800,NULL,NULL),(122,44,'photographer','Heller Inc',NULL,NULL,NULL,'+37256655190',NULL,NULL,NULL,105,444,NULL,NULL),(123,194,'entertainment','Neque',NULL,NULL,NULL,'+37258189271',NULL,NULL,1,NULL,NULL,387,NULL),(124,115,'photographer','Auer Group','Praesent blandit.','Shandee Maguire',NULL,'+37254188714',NULL,NULL,NULL,6,624,NULL,NULL),(125,69,'catering','Grant Inc','Nunc rhoncus dui vel sem.','Serene Van Leijs',NULL,'+37251111772','vegetarian',NULL,NULL,NULL,NULL,NULL,37),(126,26,'catering','Kuhn-Dooley','Morbi quis tortor id nulla ultrices aliquet.','Ileane Meek',NULL,'+37259010145','mixed',NULL,NULL,NULL,NULL,NULL,46),(127,140,'location','Aliquet','Integer aliquet, massa id lobortis convallis, tortor risus dapibus augue, vel accumsan tellus nisi eu orci.','Sybila MacMorland','77185 Ludington Place','+37252766868','park area',790,NULL,NULL,1110,NULL,NULL),(128,54,'catering','Eros vestibulum ac','Nulla neque libero, convallis eget, eleifend luctus, ultricies eu, nibh.','Rachael Carreck',NULL,'+37255359586','vegetarian',NULL,NULL,NULL,NULL,NULL,25),(129,120,'photographer','Zulauf, Schimmel and Boyer',NULL,NULL,NULL,'+37250406742',NULL,NULL,NULL,24,624,NULL,NULL),(130,41,'entertainment','Altenwerth Inc','In hac habitasse platea dictumst.','Jefferson Cianni',NULL,'+37257818984',NULL,NULL,3,NULL,NULL,431,NULL),(131,146,'photographer','Eu magna vulputate',NULL,NULL,NULL,'+37257579306',NULL,NULL,NULL,197,989,NULL,NULL),(132,39,'location','Reinger Inc',NULL,NULL,'24 Independence Terrace','+37259234174','park area',762,NULL,NULL,984,NULL,NULL),(133,9,'entertainment','Ut suscipit','Morbi ut odio.','Deirdre Cocozza',NULL,'+37256920817',NULL,NULL,2,NULL,NULL,107,NULL),(134,30,'photographer','Stiedemann, Stehr and Dare',NULL,NULL,NULL,'+37257136546',NULL,NULL,NULL,194,1833,NULL,NULL),(135,107,'location','Semper porta',NULL,NULL,'1 Shopko Court','+37254150823','back yard',952,NULL,129,593,NULL,NULL),(136,74,'photographer','Kiehn and Sons',NULL,NULL,NULL,'+37257875368',NULL,NULL,NULL,39,625,NULL,NULL),(137,173,'photographer','Bergstrom-Nolan','Integer non velit.','Vanda Venner',NULL,'+37253162622',NULL,NULL,NULL,94,1135,NULL,NULL),(138,132,'location','Schaefer, Senger and Pouros','Suspendisse ornare consequat lectus.','Nancee Thowless','133 Maryland Way','+37255395857','room',78,NULL,59,432,NULL,NULL),(139,137,'catering','Harris-Pollich','Morbi porttitor lorem id ligula.','Fiona Gooms',NULL,'+37255382094','mixed',NULL,NULL,NULL,NULL,NULL,34),(140,34,'entertainment','West Group',NULL,NULL,NULL,'+37258192668',NULL,NULL,1,NULL,NULL,485,NULL),(141,18,'entertainment','Ratke, Herman and Keeling','Vestibulum quam sapien, varius ut, blandit non, interdum in, ante.','Alysa Fearey',NULL,'+37250403497',NULL,NULL,1,NULL,NULL,611,NULL),(142,195,'catering','Durgan Inc',NULL,NULL,NULL,'+37259527170','mixed',NULL,NULL,NULL,NULL,NULL,19),(143,118,'catering','Crist, Schaefer and Ledner',NULL,NULL,NULL,'+37258036803','mixed',NULL,NULL,NULL,NULL,NULL,43),(144,44,'location','Quisque ut erat','In eleifend quam a odio.','Zeb Bacon','554 Fisk Lane','+37258213034','room',60,NULL,61,367,NULL,NULL),(145,139,'location','Effertz, Miller and Auer',NULL,NULL,'5 Sheridan Terrace','+37253220232','room',537,NULL,224,1329,NULL,NULL),(146,194,'entertainment','Blandit nam nulla',NULL,NULL,NULL,'+37252502027',NULL,NULL,3,NULL,NULL,189,NULL),(147,138,'photographer','Dooley, Runolfsdottir and Hermann',NULL,NULL,NULL,'+37256263040',NULL,NULL,NULL,191,1037,NULL,NULL),(148,121,'photographer','Stokes-Yundt','Suspendisse ornare consequat lectus.','Willis Brunon',NULL,'+37259940084',NULL,NULL,NULL,117,1135,NULL,NULL),(149,177,'entertainment','A','Sed vel enim sit amet nunc viverra dapibus.','Alic Gonzalez',NULL,'+37255251788',NULL,NULL,3,NULL,NULL,810,NULL),(150,119,'photographer','Ut mauris eget','Mauris lacinia sapien quis libero.','Valentine Cheesley',NULL,'+37257483947',NULL,NULL,NULL,208,1795,NULL,NULL),(151,59,'photographer','Rutrum','In hac habitasse platea dictumst.','Othella Laybourne',NULL,'+37258285973',NULL,NULL,NULL,125,1480,NULL,NULL),(152,194,'location','Sapien a libero','Duis aliquam convallis nunc.','Marti Gulberg','29683 Dawn Way','+37254136124','room',672,NULL,144,1332,NULL,NULL),(153,175,'catering','Windler Group','Nunc nisl.','Hoebart Pavyer',NULL,'+37252085564','vegetarian',NULL,NULL,NULL,NULL,NULL,30),(154,58,'photographer','Murazik, Muller and Gibson',NULL,NULL,NULL,'+37250491720',NULL,NULL,NULL,150,1067,NULL,NULL),(155,191,'entertainment','At feugiat non',NULL,NULL,NULL,'+37256585207',NULL,NULL,1,NULL,NULL,250,NULL),(156,198,'location','Abernathy, Upton and Reichel','Nam ultrices, libero non mattis pulvinar, nulla pede ullamcorper augue, a suscipit nulla elit ac nulla.','Gustavo Kleinerman','88499 Superior Junction','+37250104444','room',314,NULL,43,259,NULL,NULL),(157,53,'entertainment','Veum and Sons','Morbi sem mauris, laoreet ut, rhoncus aliquet, pulvinar sed, nisl.','Zarah Wigley',NULL,'+37257328404',NULL,NULL,1,NULL,NULL,199,NULL),(158,178,'catering','West-Balistreri',NULL,NULL,NULL,'+37258195996','mixed',NULL,NULL,NULL,NULL,NULL,47),(159,68,'location','Emard-Grimes','Aenean fermentum.','Ariella Gabits','6 Jenifer Road','+37252915492','room',617,NULL,215,1085,NULL,NULL),(160,72,'entertainment','Ortiz-Connelly','Duis consequat dui nec nisi volutpat eleifend.','John Glowacha',NULL,'+37253744230',NULL,NULL,3,NULL,NULL,370,NULL),(161,151,'entertainment','Swift-Rosenbaum',NULL,NULL,NULL,'+37257058591',NULL,NULL,2,NULL,NULL,899,NULL),(162,71,'photographer','Et magnis dis',NULL,NULL,NULL,'+37258022488',NULL,NULL,NULL,108,1175,NULL,NULL),(163,41,'photographer','Eu orci','Integer a nibh.','Kalila Dassindale',NULL,'+37257465056',NULL,NULL,NULL,129,1304,NULL,NULL),(164,67,'catering','Ac lobortis vel',NULL,NULL,NULL,'+37253147865','mixed',NULL,NULL,NULL,NULL,NULL,44),(165,175,'catering','Ultrices',NULL,NULL,NULL,'+37257554424','sweet',NULL,NULL,NULL,NULL,NULL,13),(166,46,'location','Carter-Hilpert','Integer tincidunt ante vel ipsum.','Elisha Frear','04 Hoard Hill','+37258288056','room',971,NULL,309,871,NULL,NULL),(167,112,'catering','Eu est','Etiam justo.','Milena Ennion',NULL,'+37258741629','mixed',NULL,NULL,NULL,NULL,NULL,35),(168,22,'catering','Kulas, Mayert and Doyle',NULL,NULL,NULL,'+37259757234','vegetarian',NULL,NULL,NULL,NULL,NULL,25),(169,44,'location','Sit','Aliquam augue quam, sollicitudin vitae, consectetuer eget, rutrum at, lorem.','Gianni Blackader','1262 Forest Dale Park','+37254194294','park area',869,NULL,NULL,1697,NULL,NULL),(170,93,'photographer','Stanton, Conroy and Hand','In sagittis dui vel nisl.','Hugo Huntley',NULL,'+37255469023',NULL,NULL,NULL,121,1098,NULL,NULL),(171,37,'entertainment','Littel-Muller','Duis bibendum, felis sed interdum venenatis, turpis enim blandit mi, in porttitor pede justo eu massa.','Annadiana Reef',NULL,'+37256002138',NULL,NULL,2,NULL,NULL,416,NULL),(172,182,'catering','Stehr LLC',NULL,NULL,NULL,'+37259198978','mixed',NULL,NULL,NULL,NULL,NULL,35),(173,11,'entertainment','Jacobs-Boyle','Morbi porttitor lorem id ligula.','Maria Deveril',NULL,'+37257546196',NULL,NULL,1,NULL,NULL,751,NULL),(174,160,'location','Lakin, Rowe and Romaguera','Donec ut mauris eget massa tempor convallis.','Beret Jelkes','24 Valley Edge Trail','+37253816432','back yard',752,NULL,418,976,NULL,NULL),(175,145,'photographer','Durgan, Powlowski and Stehr','Vestibulum ante ipsum primis in faucibus orci luctus et ultrices posuere cubilia Curae; Nulla dapibus dolor vel est.','Joby Fussell',NULL,'+37258101771',NULL,NULL,NULL,192,1455,NULL,NULL),(176,142,'catering','Ratke-Gibson','Sed sagittis.','Herculie Strelitzki',NULL,'+37254658743','mixed',NULL,NULL,NULL,NULL,NULL,33),(177,149,'photographer','Cummings, Flatley and Champlin',NULL,NULL,NULL,'+37253617162',NULL,NULL,NULL,100,1261,NULL,NULL),(178,105,'location','Larkin LLC',NULL,NULL,'7 Cambridge Park','+37252403724','room',498,NULL,234,1452,NULL,NULL),(179,83,'photographer','Satterfield, Stokes and O\'Reilly',NULL,NULL,NULL,'+37255569098',NULL,NULL,NULL,189,1447,NULL,NULL),(180,79,'entertainment','Adipiscing elit',NULL,NULL,NULL,'+37252666291',NULL,NULL,2,NULL,NULL,156,NULL),(181,21,'location','Hane, Hansen and Zemlak','Aenean sit amet justo.','Marthena Corsan','09022 Susan Pass','+37253006637','park area',555,NULL,NULL,1028,NULL,NULL),(182,125,'photographer','Gaylord and Sons',NULL,NULL,NULL,'+37251210827',NULL,NULL,NULL,20,520,NULL,NULL),(183,104,'catering','Purus eu magna',NULL,NULL,NULL,'+37254005162','vegetarian',NULL,NULL,NULL,NULL,NULL,22),(184,175,'location','Windler Group','Quisque id justo sit amet sapien dignissim vestibulum.','Elnora Yalden','088 Elgar Circle','+37255737959','room',709,NULL,211,1276,NULL,NULL),(185,154,'photographer','Bartoletti Inc','Duis bibendum, felis sed interdum venenatis, turpis enim blandit mi, in porttitor pede justo eu massa.','Stafford Keenlayside',NULL,'+37259253969',NULL,NULL,NULL,192,1835,NULL,NULL),(186,49,'entertainment','Stoltenberg-Cartwright',NULL,NULL,NULL,'+37252864383',NULL,NULL,2,NULL,NULL,922,NULL),(187,55,'location','Morar and Sons',NULL,NULL,'327 Moose Lane','+37257062060','room',500,NULL,205,672,NULL,NULL),(188,98,'location','Purus',NULL,NULL,'06218 Anzinger Lane','+37253071989','park area',949,NULL,NULL,433,NULL,NULL),(189,41,'location','Altenwerth Inc','Vestibulum rutrum rutrum neque.','Barby Wakeham','54017 Kim Center','+37258430922','park area',981,NULL,NULL,258,NULL,NULL),(190,174,'location','Harris Inc',NULL,NULL,'95595 Sycamore Alley','+37256416754','room',406,NULL,453,638,NULL,NULL),(191,4,'catering','Morbi','Pellentesque ultrices mattis odio.','Alidia Lindenstrauss',NULL,'+37254514305','mixed',NULL,NULL,NULL,NULL,NULL,32),(192,1,'entertainment','Gorar and Sons','Cras in purus eu magna vulputate luctus.','Gracie Banaszczyk',NULL,'+37253159866',NULL,NULL,1,NULL,NULL,792,NULL),(193,108,'catering','Waelchi, Cronin and Nolan','Maecenas pulvinar lobortis est.','Carolina Gossling',NULL,'+37257682833','mixed',NULL,NULL,NULL,NULL,NULL,12),(194,124,'entertainment','Roberts-West',NULL,NULL,NULL,'+37255874628',NULL,NULL,2,NULL,NULL,505,NULL),(195,159,'catering','Donnelly Inc',NULL,NULL,NULL,'+37250790811','vegetarian',NULL,NULL,NULL,NULL,NULL,37),(196,97,'entertainment','Fringilla rhoncus mauris','Nulla tempus.','Vale Fibbens',NULL,'+37254056079',NULL,NULL,3,NULL,NULL,197,NULL),(197,194,'location','Parturient montes nascetur','Etiam vel augue.','Stormie Tidd','5 Northview Terrace','+37255086502','back yard',310,NULL,180,701,NULL,NULL),(198,29,'location','Mayert-Wiegand','Maecenas pulvinar lobortis est.','Laurette Kellogg','371 Bonner Court','+37257392668','room',140,NULL,67,400,NULL,NULL),(199,131,'catering','Felis',NULL,NULL,NULL,'+37250108012','sweet',NULL,NULL,NULL,NULL,NULL,15),(200,69,'entertainment','Etiam','Nulla nisl.','Ashton Blampied',NULL,'+37256043371',NULL,NULL,1,NULL,NULL,575,NULL),(201,39,'entertainment','Quis turpis',NULL,NULL,NULL,'+37258245537',NULL,NULL,2,NULL,NULL,86,NULL),(202,145,'location','Durgan, Powlowski and Stehr','Curabitur at ipsum ac tellus semper interdum.','Rona Farnan','9894 Longview Trail','+37254859311','park area',2040,NULL,NULL,897,NULL,NULL),(203,172,'location','Sem duis','Sed vel enim sit amet nunc viverra dapibus.','Hamilton Sterte','04524 Morrow Point','+37259419218','back yard',425,NULL,181,657,NULL,NULL),(204,107,'photographer','Johnston-Donnelly',NULL,NULL,NULL,'+37250626699',NULL,NULL,NULL,19,494,NULL,NULL),(205,189,'location','Cras mi pede','Quisque erat eros, viverra eget, congue eget, semper rutrum, nulla.','Anatollo Rooper','3 Mesta Road','+37255843729','room',165,NULL,52,314,NULL,NULL),(206,49,'photographer','Dis parturient montes',NULL,NULL,NULL,'+37255438217',NULL,NULL,NULL,64,1142,NULL,NULL),(207,49,'catering','Stoltenberg-Cartwright',NULL,NULL,NULL,'+37251494077','vegetarian',NULL,NULL,NULL,NULL,NULL,17),(208,64,'location','Tremblay-Ullrich','Morbi ut odio.','Clint Thiem','91638 Butternut Crossing','+37252607730','room',223,NULL,47,283,NULL,NULL),(209,56,'entertainment','Ut blandit','Nam congue, risus semper porta volutpat, quam pede lobortis ligula, sit amet eleifend pede libero quis orci.','Benjamen Izak',NULL,'+37254364236',NULL,NULL,1,NULL,NULL,479,NULL),(210,185,'entertainment','At nibh in',NULL,NULL,NULL,'+37250237748',NULL,NULL,1,NULL,NULL,638,NULL),(211,69,'photographer','Grant Inc',NULL,NULL,NULL,'+37258330803',NULL,NULL,NULL,88,695,NULL,NULL),(212,58,'entertainment','Murazik, Muller and Gibson',NULL,NULL,NULL,'+37252105879',NULL,NULL,3,NULL,NULL,749,NULL),(213,36,'catering','Dicki, Howell and Mertz','Pellentesque eget nunc.','Wanda Molan',NULL,'+37253746202','mixed',NULL,NULL,NULL,NULL,NULL,42),(214,100,'location','Dolor vel',NULL,NULL,'95 Oriole Court','+37256529897','park area',581,NULL,NULL,1232,NULL,NULL),(215,105,'location','Larkin LLC',NULL,NULL,'9364 Prentice Park','+37255581875','room',458,NULL,207,1271,NULL,NULL),(216,47,'location','Leffler-Barton','Vivamus metus arcu, adipiscing molestie, hendrerit at, vulputate vitae, nisl.','Licha Wittman','7230 Vidon Way','+37254142773','terrace',882,NULL,336,1594,NULL,NULL),(217,107,'photographer','Johnston-Donnelly','Sed accumsan felis.','Stoddard Pellatt',NULL,'+37250269185',NULL,NULL,NULL,89,1207,NULL,NULL),(218,124,'entertainment','Roberts-West',NULL,NULL,NULL,'+37250928134',NULL,NULL,3,NULL,NULL,431,NULL),(219,75,'catering','Witting Inc',NULL,NULL,NULL,'+37253852004','mixed',NULL,NULL,NULL,NULL,NULL,46),(220,71,'photographer','Wisozk Inc',NULL,NULL,NULL,'+37259730459',NULL,NULL,NULL,147,1404,NULL,NULL),(221,46,'catering','Justo',NULL,NULL,NULL,'+37253931032','mixed',NULL,NULL,NULL,NULL,NULL,49),(222,42,'entertainment','Sanford, Crona and Mertz','Nulla facilisi.','Nichole Sprouls',NULL,'+37257588961',NULL,NULL,2,NULL,NULL,94,NULL),(223,39,'photographer','Reinger Inc','Vestibulum ante ipsum primis in faucibus orci luctus et ultrices posuere cubilia Curae; Donec pharetra, magna vestibulum aliquet ultrices, erat tortor sollicitudin mi, sit amet lobortis sapien sapien non mi.','Ave Pittam',NULL,'+37257614128',NULL,NULL,NULL,69,546,NULL,NULL),(224,29,'catering','Mayert-Wiegand',NULL,NULL,NULL,'+37256384705','mixed',NULL,NULL,NULL,NULL,NULL,24),(225,146,'location','Grant and Sons',NULL,NULL,'0072 West Parkway','+37257489184','room',274,NULL,56,338,NULL,NULL),(226,11,'photographer','Jacobs-Boyle',NULL,NULL,NULL,'+37252066624',NULL,NULL,NULL,123,855,NULL,NULL),(227,99,'catering','Hartmann LLC',NULL,NULL,NULL,'+37253418752','vegetarian',NULL,NULL,NULL,NULL,NULL,18),(228,36,'catering','Id luctus',NULL,NULL,NULL,'+37250889896','vegetarian',NULL,NULL,NULL,NULL,NULL,45),(229,200,'photographer','Risus praesent lectus',NULL,NULL,NULL,'+37255685374',NULL,NULL,NULL,208,1114,NULL,NULL),(230,63,'photographer','Kessler-Kirlin',NULL,NULL,NULL,'+37255229770',NULL,NULL,NULL,88,428,NULL,NULL),(231,70,'location','Schmitt, Johns and Gorczany',NULL,NULL,'43233 Crownhardt Point','+37252421263','room',593,NULL,333,453,NULL,NULL),(232,98,'catering','Klein, Lindgren and Lynch',NULL,NULL,NULL,'+37252381382','mixed',NULL,NULL,NULL,NULL,NULL,11),(233,77,'catering','Potenti nullam',NULL,NULL,NULL,'+37258815205','mixed',NULL,NULL,NULL,NULL,NULL,35),(234,154,'entertainment','Nullam porttitor lacus',NULL,NULL,NULL,'+37255604451',NULL,NULL,1,NULL,NULL,819,NULL),(235,119,'catering','Libero convallis eget',NULL,NULL,NULL,'+37250074724','mixed',NULL,NULL,NULL,NULL,NULL,18),(236,43,'entertainment','Massa donec dapibus','Integer a nibh.','Sabina Exelby',NULL,'+37251585583',NULL,NULL,3,NULL,NULL,291,NULL),(237,67,'entertainment','Luctus ultricies','Vivamus tortor.','Garnet Oxbie',NULL,'+37256766943',NULL,NULL,2,NULL,NULL,834,NULL),(238,157,'catering','Phasellus','Donec semper sapien a libero.','Consuela Banford',NULL,'+37251605104','vegetarian',NULL,NULL,NULL,NULL,NULL,20),(239,136,'photographer','Bogan-Reilly',NULL,NULL,NULL,'+37257212493',NULL,NULL,NULL,117,1465,NULL,NULL),(240,78,'entertainment','Luettgen LLC','Proin leo odio, porttitor id, consequat in, consequat ut, nulla.','Marchelle Moring',NULL,'+37258532701',NULL,NULL,1,NULL,NULL,661,NULL),(241,91,'entertainment','Integer pede justo',NULL,NULL,NULL,'+37254901782',NULL,NULL,1,NULL,NULL,976,NULL),(242,151,'location','Swift-Rosenbaum','Suspendisse accumsan tortor quis turpis.','Francisca Dodgson','49991 Eagle Crest Trail','+37253562215','park area',711,NULL,NULL,914,NULL,NULL),(243,82,'entertainment','Mayert LLC','Nullam molestie nibh in lectus.','Bernita Handaside',NULL,'+37252011930',NULL,NULL,2,NULL,NULL,580,NULL),(244,200,'photographer','Dooley Group','Vestibulum quam sapien, varius ut, blandit non, interdum in, ante.','Penny Clemmow',NULL,'+37253225454',NULL,NULL,NULL,118,1533,NULL,NULL),(245,10,'entertainment','DuBuque-Schneider',NULL,NULL,NULL,'+37250510549',NULL,NULL,1,NULL,NULL,936,NULL),(246,89,'catering','Glover, Bayer and Terry','Cras mi pede, malesuada in, imperdiet et, commodo vulputate, justo.','Rafa McKeighan',NULL,'+37250312120','vegetarian',NULL,NULL,NULL,NULL,NULL,44),(247,144,'location','Herzog-Medhurst',NULL,NULL,'500 Vahlen Center','+37251638966','back yard',270,NULL,435,938,NULL,NULL),(248,153,'entertainment','Swift, Toy and O\'Keefe',NULL,NULL,NULL,'+37258271091',NULL,NULL,3,NULL,NULL,123,NULL),(249,70,'entertainment','Nunc commodo placerat','Nullam varius.','Miner Mary',NULL,'+37259446937',NULL,NULL,2,NULL,NULL,642,NULL),(250,24,'catering','Erat','Duis bibendum, felis sed interdum venenatis, turpis enim blandit mi, in porttitor pede justo eu massa.','Fernande Chatin',NULL,'+37254679677','mixed',NULL,NULL,NULL,NULL,NULL,29),(251,200,'location','Dooley Group',NULL,NULL,'58 Dennis Way','+37256918342','room',140,NULL,70,324,NULL,NULL),(252,16,'catering','Et magnis','Vestibulum ante ipsum primis in faucibus orci luctus et ultrices posuere cubilia Curae; Mauris viverra diam vitae quam.','Orelee Coupe',NULL,'+37251107201','mixed',NULL,NULL,NULL,NULL,NULL,37),(253,29,'photographer','Mayert-Wiegand',NULL,NULL,NULL,'+37250856723',NULL,NULL,NULL,82,1032,NULL,NULL),(254,104,'location','Lang, Dare and Bailey',NULL,NULL,'22606 Ruskin Park','+37252279145','room',617,NULL,289,535,NULL,NULL),(255,109,'catering','Herman-Deckow',NULL,NULL,NULL,'+37258234974','mixed',NULL,NULL,NULL,NULL,NULL,20),(256,58,'entertainment','Murazik, Muller and Gibson','Ut tellus.','Remy Knewstub',NULL,'+37258641192',NULL,NULL,1,NULL,NULL,360,NULL),(257,144,'location','Herzog-Medhurst',NULL,NULL,'69 Scott Terrace','+37253262300','room',146,NULL,47,281,NULL,NULL),(258,78,'entertainment','Luettgen LLC',NULL,NULL,NULL,'+37253425287',NULL,NULL,1,NULL,NULL,260,NULL),(259,121,'entertainment','Stokes-Yundt',NULL,NULL,NULL,'+37252190748',NULL,NULL,1,NULL,NULL,791,NULL),(260,3,'entertainment','Crooks, Batz and Blick','Aenean sit amet justo.','Theodor Orta',NULL,'+37258663797',NULL,NULL,2,NULL,NULL,307,NULL),(261,178,'location','West-Balistreri',NULL,NULL,'7 Reindahl Road','+37253562622','room',634,NULL,114,1846,NULL,NULL),(262,26,'catering','Kuhn-Dooley','Quisque arcu libero, rutrum ac, lobortis vel, dapibus at, diam.','Karina Behnke',NULL,'+37253696445','mixed',NULL,NULL,NULL,NULL,NULL,21),(263,26,'location','Kuhn-Dooley','Phasellus sit amet erat.','Nadya Kobierski','11 Mendota Alley','+37254982142','park area',2810,NULL,NULL,851,NULL,NULL),(264,76,'entertainment','Vel pede morbi',NULL,NULL,NULL,'+37259419409',NULL,NULL,2,NULL,NULL,593,NULL),(265,155,'location','Gislason, Mayer and Kihn','Curabitur gravida nisi at nibh.','Petronilla Janatka','3 Iowa Terrace','+37257896589','room',88,NULL,68,318,NULL,NULL),(266,104,'entertainment','Lang, Dare and Bailey',NULL,NULL,NULL,'+37259058862',NULL,NULL,3,NULL,NULL,499,NULL),(267,92,'entertainment','Sit amet',NULL,NULL,NULL,'+37256949760',NULL,NULL,2,NULL,NULL,255,NULL),(268,166,'catering','Interdum','Morbi quis tortor id nulla ultrices aliquet.','Lukas Trevascus',NULL,'+37255078294','mixed',NULL,NULL,NULL,NULL,NULL,47),(269,6,'location','Vitae',NULL,NULL,'054 Mallard Point','+37250898954','back yard',847,NULL,214,555,NULL,NULL),(270,70,'catering','Ligula sit',NULL,NULL,NULL,'+37253849886','mixed',NULL,NULL,NULL,NULL,NULL,48),(271,30,'entertainment','Stiedemann, Stehr and Dare',NULL,NULL,NULL,'+37259677546',NULL,NULL,3,NULL,NULL,546,NULL),(272,76,'photographer','Aliquam convallis nunc',NULL,NULL,NULL,'+37251638127',NULL,NULL,NULL,211,1472,NULL,NULL),(273,95,'photographer','Durgan LLC',NULL,NULL,NULL,'+37250198268',NULL,NULL,NULL,120,672,NULL,NULL),(274,161,'photographer','Leuschke, Ritchie and Walter',NULL,NULL,NULL,'+37256513910',NULL,NULL,NULL,144,1664,NULL,NULL),(275,102,'location','Quisque erat','Sed vel enim sit amet nunc viverra dapibus.','Belinda Godmer','9697 Bonner Trail','+37250239580','room',461,NULL,264,1927,NULL,NULL),(276,40,'location','Schultz-Brakus','Vivamus tortor.','Marabel Libbie','192 Stephen Pass','+37256978622','park area',910,NULL,NULL,231,NULL,NULL),(277,86,'catering','Sit',NULL,NULL,NULL,'+37253115830','mixed',NULL,NULL,NULL,NULL,NULL,49),(278,41,'photographer','Altenwerth Inc','Morbi odio odio, elementum eu, interdum eu, tincidunt in, leo.','Brannon Menci',NULL,'+37254843711',NULL,NULL,NULL,83,1303,NULL,NULL),(279,102,'catering','Medhurst-Sanford',NULL,NULL,NULL,'+37255850482','mixed',NULL,NULL,NULL,NULL,NULL,37),(280,11,'location','Et ultrices',NULL,NULL,'86701 Moulton Trail','+37254176035','room',560,NULL,188,1467,NULL,NULL),(281,28,'catering','Neque vestibulum eget',NULL,NULL,NULL,'+37256377189','vegetarian',NULL,NULL,NULL,NULL,NULL,49),(282,99,'location','Hartmann LLC','Mauris sit amet eros.','Joseito Covil','70 Gulseth Center','+37253834494','room',591,NULL,209,879,NULL,NULL),(283,19,'catering','Frami-Koch',NULL,NULL,NULL,'+37257675903','sweet',NULL,NULL,NULL,NULL,NULL,15),(284,85,'entertainment','Bahringer and Sons',NULL,NULL,NULL,'+37253427935',NULL,NULL,2,NULL,NULL,275,NULL),(285,108,'entertainment','Waelchi, Cronin and Nolan',NULL,NULL,NULL,'+37259328412',NULL,NULL,2,NULL,NULL,658,NULL),(286,125,'entertainment','Gaylord and Sons','Phasellus id sapien in sapien iaculis congue.','Idelle Mahoney',NULL,'+37256307529',NULL,NULL,1,NULL,NULL,676,NULL),(287,129,'location','Gleichner Group',NULL,NULL,'65904 Forest Run Way','+37251249116','park area',786,NULL,NULL,888,NULL,NULL),(288,54,'entertainment','Abshire-Renner',NULL,NULL,NULL,'+37250940375',NULL,NULL,1,NULL,NULL,928,NULL),(289,136,'photographer','Bogan-Reilly',NULL,NULL,NULL,'+37259390973',NULL,NULL,NULL,16,416,NULL,NULL),(290,44,'entertainment','Ut tellus nulla',NULL,NULL,NULL,'+37254012596',NULL,NULL,2,NULL,NULL,381,NULL),(291,191,'catering','Kub, Block and Fadel',NULL,NULL,NULL,'+37258823902','mixed',NULL,NULL,NULL,NULL,NULL,24),(292,22,'catering','Adipiscing lorem vitae','Cras in purus eu magna vulputate luctus.','Grata Serrell',NULL,'+37259107700','mixed',NULL,NULL,NULL,NULL,NULL,50),(293,160,'location','Lakin, Rowe and Romaguera',NULL,NULL,'965 Hansons Trail','+37250514476','room',467,NULL,150,1242,NULL,NULL),(294,3,'location','Crooks, Batz and Blick',NULL,NULL,'359 Oak Valley Street','+37257540444','park area',2670,NULL,NULL,971,NULL,NULL),(295,171,'entertainment','Boehm-Heidenreich',NULL,NULL,NULL,'+37254991740',NULL,NULL,1,NULL,NULL,496,NULL),(296,149,'photographer','Cummings, Flatley and Champlin',NULL,NULL,NULL,'+37256751618',NULL,NULL,NULL,176,1006,NULL,NULL),(297,1,'photographer','Gorar and Sons',NULL,NULL,NULL,'+37252172566',NULL,NULL,NULL,164,1956,NULL,NULL),(298,58,'location','Murazik, Muller and Gibson',NULL,NULL,'8092 Arapahoe Lane','+37257559757','terrace',658,NULL,428,1852,NULL,NULL),(299,189,'photographer','Walker Inc',NULL,NULL,NULL,'+37258837588',NULL,NULL,NULL,172,1216,NULL,NULL),(300,113,'catering','Hegmann-Schmeler',NULL,NULL,NULL,'+37257097975','mixed',NULL,NULL,NULL,NULL,NULL,34),(301,136,'location','Praesent lectus',NULL,NULL,'0 Thompson Parkway','+37258817637','room',849,NULL,188,1835,NULL,NULL),(302,151,'catering','Tortor','Morbi quis tortor id nulla ultrices aliquet.','Marie Clowley',NULL,'+37256380023','mixed',NULL,NULL,NULL,NULL,NULL,49),(303,200,'photographer','Ipsum primis in',NULL,NULL,NULL,'+37256445000',NULL,NULL,NULL,76,1001,NULL,NULL),(304,131,'photographer','VonRueden, Tremblay and O\'Kon',NULL,NULL,NULL,'+37256598418',NULL,NULL,NULL,25,637,NULL,NULL),(305,172,'entertainment','Bibendum felis sed',NULL,NULL,NULL,'+37251897720',NULL,NULL,1,NULL,NULL,257,NULL),(306,126,'entertainment','Grammes Group',NULL,NULL,NULL,'+37255079777',NULL,NULL,2,NULL,NULL,77,NULL),(307,155,'catering','Mauris enim leo',NULL,NULL,NULL,'+37256174132','mixed',NULL,NULL,NULL,NULL,NULL,19),(308,52,'photographer','Non velit donec',NULL,NULL,NULL,'+37254592532',NULL,NULL,NULL,6,624,NULL,NULL),(309,53,'entertainment','Veum and Sons',NULL,NULL,NULL,'+37259263748',NULL,NULL,2,NULL,NULL,63,NULL),(310,67,'photographer','Vandervort-Rau',NULL,NULL,NULL,'+37250236382',NULL,NULL,NULL,54,1404,NULL,NULL),(311,51,'entertainment','Skiles-Huels',NULL,NULL,NULL,'+37250688588',NULL,NULL,2,NULL,NULL,724,NULL),(312,67,'location','Dolor morbi vel',NULL,NULL,'7696 Logan Road','+37255419465','room',442,NULL,426,634,NULL,NULL),(313,132,'catering','Sed',NULL,NULL,NULL,'+37250933574','mixed',NULL,NULL,NULL,NULL,NULL,33),(314,95,'entertainment','Durgan LLC',NULL,NULL,NULL,'+37258421746',NULL,NULL,2,NULL,NULL,792,NULL),(315,140,'photographer','Huel LLC',NULL,NULL,NULL,'+37251155903',NULL,NULL,NULL,112,1094,NULL,NULL),(316,121,'location','Dapibus','In quis justo.','Shell Casswell','193 Stephen Avenue','+37252676371','terrace',872,NULL,326,1608,NULL,NULL),(317,58,'photographer','Murazik, Muller and Gibson','Vestibulum ac est lacinia nisi venenatis tristique.','Jessamine Wethey',NULL,'+37251567224',NULL,NULL,NULL,105,1042,NULL,NULL),(318,155,'catering','Gislason, Mayer and Kihn',NULL,NULL,NULL,'+37254484592','sweet',NULL,NULL,NULL,NULL,NULL,11),(319,45,'photographer','Anderson, McGlynn and Luettgen',NULL,NULL,NULL,'+37255982903',NULL,NULL,NULL,115,1447,NULL,NULL),(320,85,'location','Ipsum dolor sit',NULL,NULL,'255 Rockefeller Street','+37253954742','park area',499,NULL,NULL,1284,NULL,NULL),(321,134,'entertainment','Considine-Lang',NULL,NULL,NULL,'+37254179022',NULL,NULL,3,NULL,NULL,646,NULL),(322,169,'entertainment','Balistreri-Schoen','Suspendisse accumsan tortor quis turpis.','Georgeanne Beushaw',NULL,'+37255988651',NULL,NULL,2,NULL,NULL,839,NULL),(323,18,'photographer','Ratke, Herman and Keeling',NULL,NULL,NULL,'+37255199278',NULL,NULL,NULL,37,532,NULL,NULL),(324,182,'location','Stehr LLC',NULL,NULL,'087 Barby Parkway','+37258079138','terrace',812,NULL,432,1618,NULL,NULL),(325,44,'catering','Heller Inc','Duis bibendum, felis sed interdum venenatis, turpis enim blandit mi, in porttitor pede justo eu massa.','Belita Jovicevic',NULL,'+37250135977','vegetarian',NULL,NULL,NULL,NULL,NULL,43),(326,27,'photographer','Stamm, Abbott and Spinka',NULL,NULL,NULL,'+37253818878',NULL,NULL,NULL,208,1492,NULL,NULL),(327,199,'entertainment','Satterfield and Sons',NULL,NULL,NULL,'+37259273619',NULL,NULL,3,NULL,NULL,500,NULL),(328,127,'catering','Lang-Watsica','Suspendisse ornare consequat lectus.','Luce Corish',NULL,'+37250452403','mixed',NULL,NULL,NULL,NULL,NULL,47),(329,156,'catering','Runolfsson LLC',NULL,NULL,NULL,'+37255384732','mixed',NULL,NULL,NULL,NULL,NULL,35),(330,3,'entertainment','Purus',NULL,NULL,NULL,'+37252616111',NULL,NULL,1,NULL,NULL,93,NULL),(331,123,'photographer','Collier-Langworth',NULL,NULL,NULL,'+37255767853',NULL,NULL,NULL,116,1239,NULL,NULL),(332,40,'entertainment','A odio',NULL,NULL,NULL,'+37259425578',NULL,NULL,1,NULL,NULL,64,NULL),(333,198,'entertainment','Abernathy, Upton and Reichel',NULL,NULL,NULL,'+37256975433',NULL,NULL,1,NULL,NULL,907,NULL),(334,107,'entertainment','Mollis','Nulla nisl.','Hagen De Francesco',NULL,'+37250794900',NULL,NULL,3,NULL,NULL,326,NULL),(335,11,'photographer','Jacobs-Boyle','Praesent id massa id nisl venenatis lacinia.','Eloise Humble',NULL,'+37251422732',NULL,NULL,NULL,112,1416,NULL,NULL),(336,123,'catering','Collier-Langworth',NULL,NULL,NULL,'+37257433843','mixed',NULL,NULL,NULL,NULL,NULL,45),(337,57,'catering','Roberts, Sporer and Wuckert',NULL,NULL,NULL,'+37250178377','mixed',NULL,NULL,NULL,NULL,NULL,47),(338,165,'catering','Ac','Donec odio justo, sollicitudin ut, suscipit a, feugiat et, eros.','Dukie Ratcliff',NULL,'+37256473931','mixed',NULL,NULL,NULL,NULL,NULL,24),(339,29,'photographer','Ipsum primis in',NULL,NULL,NULL,'+37250922897',NULL,NULL,NULL,186,1241,NULL,NULL),(340,186,'photographer','Hahn and Sons',NULL,NULL,NULL,'+37259436075',NULL,NULL,NULL,136,1085,NULL,NULL),(341,108,'location','Waelchi, Cronin and Nolan',NULL,NULL,'52654 Katie Junction','+37253653893','room',868,NULL,400,973,NULL,NULL),(342,196,'catering','Zieme LLC','Curabitur in libero ut massa volutpat convallis.','John Braim',NULL,'+37253343757','vegetarian',NULL,NULL,NULL,NULL,NULL,14),(343,147,'location','Swaniawski Group','Etiam vel augue.','Yorgos Hodinton','1936 Roth Way','+37253255604','room',360,NULL,81,487,NULL,NULL),(344,36,'catering','Dicki, Howell and Mertz',NULL,NULL,NULL,'+37255345472','vegetarian',NULL,NULL,NULL,NULL,NULL,21),(345,125,'entertainment','Felis sed','Pellentesque viverra pede ac diam.','Adara Faucett',NULL,'+37259024360',NULL,NULL,1,NULL,NULL,703,NULL),(346,62,'catering','Welch, Koepp and Romaguera',NULL,NULL,NULL,'+37254417707','vegetarian',NULL,NULL,NULL,NULL,NULL,16),(347,174,'location','Harris Inc','Proin risus.','Abel Lawson','37 Golden Leaf Trail','+37255936306','room',454,NULL,324,1070,NULL,NULL),(348,162,'photographer','Morbi',NULL,NULL,NULL,'+37257723514',NULL,NULL,NULL,93,1480,NULL,NULL),(349,194,'entertainment','Donec ut dolor',NULL,NULL,NULL,'+37258789743',NULL,NULL,1,NULL,NULL,131,NULL),(350,157,'location','Ebert Group','Cum sociis natoque penatibus et magnis dis parturient montes, nascetur ridiculus mus.','Coral Seddon','843 Maywood Street','+37251825144','room',768,NULL,203,1164,NULL,NULL),(351,43,'photographer','Parker, Rutherford and Klocko','Curabitur at ipsum ac tellus semper interdum.','Ceciley Beggio',NULL,'+37251806190',NULL,NULL,NULL,168,1603,NULL,NULL),(352,185,'catering','Morbi sem mauris','Morbi vel lectus in quam fringilla rhoncus.','Rebeka Haddon',NULL,'+37255820648','vegetarian',NULL,NULL,NULL,NULL,NULL,40),(353,34,'location','Tempus vel',NULL,NULL,'771 Mallory Alley','+37256708855','room',625,NULL,158,742,NULL,NULL),(354,96,'photographer','Tellus',NULL,NULL,NULL,'+37253533025',NULL,NULL,NULL,216,1597,NULL,NULL),(355,132,'photographer','Libero nam',NULL,NULL,NULL,'+37258018838',NULL,NULL,NULL,105,1085,NULL,NULL),(356,129,'photographer','Gleichner Group',NULL,NULL,NULL,'+37254519269',NULL,NULL,NULL,128,1536,NULL,NULL),(357,154,'photographer','Bartoletti Inc',NULL,NULL,NULL,'+37253168460',NULL,NULL,NULL,198,1762,NULL,NULL),(358,103,'catering','VonRueden-Durgan','Duis consequat dui nec nisi volutpat eleifend.','Mart Local',NULL,'+37253331354','mixed',NULL,NULL,NULL,NULL,NULL,20),(359,171,'entertainment','Boehm-Heidenreich','Integer tincidunt ante vel ipsum.','Lucien Tersay',NULL,'+37253075638',NULL,NULL,1,NULL,NULL,175,NULL),(360,78,'entertainment','In lectus',NULL,NULL,NULL,'+37254721916',NULL,NULL,3,NULL,NULL,321,NULL),(361,157,'location','Curabitur',NULL,NULL,'73069 Burrows Lane','+37254851640','back yard',131,NULL,265,500,NULL,NULL),(362,194,'location','Barton-Kertzmann',NULL,NULL,'668 Muir Alley','+37257330638','room',298,NULL,49,295,NULL,NULL),(363,159,'location','Turpis','Proin at turpis a pede posuere nonummy.','Rheba Simeoli','3 Larry Pass','+37250783961','room',501,NULL,437,1083,NULL,NULL),(364,78,'location','Nam nulla integer','Aliquam quis turpis eget elit sodales scelerisque.','Ximenes Slator','3631 Holy Cross Drive','+37256440575','room',245,NULL,79,472,NULL,NULL),(365,170,'location','Neque aenean auctor',NULL,NULL,'9998 Tennyson Place','+37256372712','park area',942,NULL,NULL,260,NULL,NULL),(366,46,'catering','Carter-Hilpert',NULL,NULL,NULL,'+37255874514','vegetarian',NULL,NULL,NULL,NULL,NULL,33),(367,87,'entertainment','Schiller, Swift and Funk',NULL,NULL,NULL,'+37257596874',NULL,NULL,1,NULL,NULL,891,NULL),(368,68,'location','Emard-Grimes',NULL,NULL,'54 Loomis Court','+37257024062','park area',510,NULL,NULL,1062,NULL,NULL),(369,161,'location','Leuschke, Ritchie and Walter','Aenean sit amet justo.','Nanice Dobbison','9248 Portage Crossing','+37253971548','room',760,NULL,327,1080,NULL,NULL),(370,181,'photographer','Gleichner-Bradtke',NULL,NULL,NULL,'+37256645149',NULL,NULL,NULL,191,1135,NULL,NULL),(371,188,'location','Lobortis',NULL,NULL,'6 Surrey Street','+37256801040','back yard',623,NULL,124,562,NULL,NULL),(372,98,'location','Klein, Lindgren and Lynch','Maecenas rhoncus aliquam lacus.','Dietrich Kingshott','8 Buena Vista Alley','+37251721294','room',404,NULL,198,411,NULL,NULL),(373,150,'photographer','Gibson, Corwin and Feil',NULL,NULL,NULL,'+37253873509',NULL,NULL,NULL,181,1134,NULL,NULL),(374,169,'entertainment','Suscipit nulla elit','Suspendisse accumsan tortor quis turpis.','Jazmin McCuffie',NULL,'+37259773532',NULL,NULL,2,NULL,NULL,177,NULL),(375,173,'location','Bergstrom-Nolan','Proin eu mi.','Lewiss Devigne','1 Stone Corner Place','+37259037883','room',118,NULL,60,316,NULL,NULL),(376,106,'photographer','McGlynn, Glover and Farrell',NULL,NULL,NULL,'+37252048320',NULL,NULL,NULL,86,1972,NULL,NULL),(377,196,'entertainment','Zieme LLC',NULL,NULL,NULL,'+37257638598',NULL,NULL,1,NULL,NULL,829,NULL),(378,21,'catering','Hane, Hansen and Zemlak','In sagittis dui vel nisl.','Othilia Knibb',NULL,'+37253631251','mixed',NULL,NULL,NULL,NULL,NULL,23),(379,112,'entertainment','In lacus curabitur',NULL,NULL,NULL,'+37255366640',NULL,NULL,2,NULL,NULL,916,NULL),(380,147,'photographer','Swaniawski Group','Nunc nisl.','Pepita Grady',NULL,'+37250526660',NULL,NULL,NULL,174,1809,NULL,NULL),(381,78,'catering','Luettgen LLC',NULL,NULL,NULL,'+37253836600','vegetarian',NULL,NULL,NULL,NULL,NULL,38),(382,34,'catering','West Group','Cum sociis natoque penatibus et magnis dis parturient montes, nascetur ridiculus mus.','Chariot Fuxman',NULL,'+37253454725','vegetarian',NULL,NULL,NULL,NULL,NULL,17),(383,84,'photographer','Rath, Rath and Boyle',NULL,NULL,NULL,'+37254044150',NULL,NULL,NULL,55,1297,NULL,NULL),(384,138,'location','Eu tincidunt','Fusce consequat.','Sim Albert','2 Anniversary Road','+37254165989','room',160,NULL,76,427,NULL,NULL),(385,117,'catering','Fusce',NULL,NULL,NULL,'+37252303523','vegetarian',NULL,NULL,NULL,NULL,NULL,36),(386,83,'location','Satterfield, Stokes and O\'Reilly',NULL,NULL,'06119 Banding Plaza','+37256660281','back yard',371,NULL,189,660,NULL,NULL),(387,121,'photographer','Stokes-Yundt','Mauris ullamcorper purus sit amet nulla.','Nicolis Caldroni',NULL,'+37256025638',NULL,NULL,NULL,120,1119,NULL,NULL),(388,172,'catering','Rice-Lindgren',NULL,NULL,NULL,'+37258002862','mixed',NULL,NULL,NULL,NULL,NULL,23),(389,150,'location','Gibson, Corwin and Feil','Duis mattis egestas metus.','Kaye Reinhardt','6503 Stang Pass','+37250834462','room',321,NULL,79,474,NULL,NULL),(390,62,'photographer','Welch, Koepp and Romaguera',NULL,NULL,NULL,'+37257525843',NULL,NULL,NULL,80,764,NULL,NULL),(391,187,'location','Eget',NULL,NULL,'4359 Havey Plaza','+37254509588','room',913,NULL,152,1453,NULL,NULL),(392,104,'location','Lang, Dare and Bailey',NULL,NULL,'88199 Cottonwood Hill','+37251038774','room',125,NULL,45,267,NULL,NULL),(393,105,'catering','Ultrices',NULL,NULL,NULL,'+37258754945','mixed',NULL,NULL,NULL,NULL,NULL,25),(394,120,'catering','Blandit lacinia',NULL,NULL,NULL,'+37250455650','vegetarian',NULL,NULL,NULL,NULL,NULL,22),(395,16,'location','Block, Gutkowski and Hilpert',NULL,NULL,'94 Tomscot Crossing','+37257116844','room',90,NULL,89,365,NULL,NULL),(396,1,'location','Primis',NULL,NULL,'16150 Arkansas Lane','+37257473977','room',154,NULL,52,311,NULL,NULL),(397,164,'photographer','Bogan-Hettinger',NULL,NULL,NULL,'+37254563512',NULL,NULL,NULL,101,575,NULL,NULL),(398,157,'entertainment','Ebert Group',NULL,NULL,NULL,'+37258581826',NULL,NULL,3,NULL,NULL,529,NULL),(399,109,'entertainment','Herman-Deckow',NULL,NULL,NULL,'+37250080672',NULL,NULL,2,NULL,NULL,731,NULL),(400,12,'catering','Risus','Pellentesque eget nunc.','Reggis Stiller',NULL,'+37259783602','mixed',NULL,NULL,NULL,NULL,NULL,24),(401,25,'location','Sem duis aliquam','Maecenas pulvinar lobortis est.','Wilburt Ambrus','65747 Northview Trail','+37257732088','room',296,NULL,65,389,NULL,NULL),(402,104,'entertainment','Lang, Dare and Bailey',NULL,NULL,NULL,'+37259979179',NULL,NULL,2,NULL,NULL,54,NULL),(403,167,'entertainment','Vulputate',NULL,NULL,NULL,'+37257355241',NULL,NULL,3,NULL,NULL,324,NULL),(404,102,'catering','Medhurst-Sanford','Etiam vel augue.','Catherin Costigan',NULL,'+37253046833','mixed',NULL,NULL,NULL,NULL,NULL,42),(405,6,'catering','Bogan LLC',NULL,NULL,NULL,'+37259135731','mixed',NULL,NULL,NULL,NULL,NULL,22),(406,152,'catering','Pfeffer-Heller','Nulla ac enim.','Jacquenette Waterland',NULL,'+37259913907','mixed',NULL,NULL,NULL,NULL,NULL,42),(407,88,'entertainment','Stracke, Von and Bins',NULL,NULL,NULL,'+37255188359',NULL,NULL,1,NULL,NULL,902,NULL),(408,130,'entertainment','Haley and Sons',NULL,NULL,NULL,'+37254905563',NULL,NULL,2,NULL,NULL,972,NULL),(409,181,'location','Nam dui proin','Nullam sit amet turpis elementum ligula vehicula consequat.','Willdon Elgy','07 Blackbird Terrace','+37256179177','back yard',695,NULL,179,515,NULL,NULL),(410,79,'location','Mertz LLC',NULL,NULL,'44484 Mandrake Parkway','+37255207819','room',869,NULL,163,1303,NULL,NULL),(411,109,'location','Herman-Deckow','Etiam pretium iaculis justo.','Hermie Mayte','9966 Hollow Ridge Pass','+37251130742','room',537,NULL,299,758,NULL,NULL),(412,51,'photographer','Accumsan','Morbi non lectus.','Dick Loftin',NULL,'+37255450331',NULL,NULL,NULL,202,966,NULL,NULL),(413,75,'location','Pede ac','Lorem ipsum dolor sit amet, consectetuer adipiscing elit.','Elysia Walsh','39706 Forster Circle','+37257810124','room',533,NULL,464,854,NULL,NULL),(414,169,'photographer','Balistreri-Schoen',NULL,NULL,NULL,'+37251437820',NULL,NULL,NULL,244,1780,NULL,NULL),(415,140,'catering','Huel LLC','Morbi vestibulum, velit id pretium iaculis, diam erat fermentum justo, nec condimentum neque sapien placerat ante.','Drugi Augar',NULL,'+37251455090','mixed',NULL,NULL,NULL,NULL,NULL,34),(416,151,'location','Neque libero','Suspendisse potenti.','Ewan Mayzes','58262 Corscot Drive','+37257238667','back yard',862,NULL,180,909,NULL,NULL),(417,23,'location','Odio','Sed ante.','Syman Patient','49 Messerschmidt Place','+37254328957','room',770,NULL,237,536,NULL,NULL),(418,89,'catering','Rhoncus mauris enim','Quisque erat eros, viverra eget, congue eget, semper rutrum, nulla.','Udale Francesc',NULL,'+37256211633','mixed',NULL,NULL,NULL,NULL,NULL,27),(419,148,'photographer','Vel sem',NULL,NULL,NULL,'+37250366897',NULL,NULL,NULL,123,1420,NULL,NULL),(420,8,'catering','Volkman LLC','In est risus, auctor sed, tristique in, tempus sit amet, sem.','Harmonie Inglese',NULL,'+37259758325','mixed',NULL,NULL,NULL,NULL,NULL,22),(421,62,'entertainment','Mollis molestie lorem',NULL,NULL,NULL,'+37251581853',NULL,NULL,3,NULL,NULL,558,NULL),(422,15,'catering','Massa tempor convallis',NULL,NULL,NULL,'+37256895193','mixed',NULL,NULL,NULL,NULL,NULL,50),(423,126,'entertainment','Grammes Group','Nulla mollis molestie lorem.','Shirley Barchrameev',NULL,'+37252561159',NULL,NULL,3,NULL,NULL,301,NULL),(424,31,'photographer','Vestibulum',NULL,NULL,NULL,'+37258068084',NULL,NULL,NULL,219,1760,NULL,NULL),(425,35,'catering','O\'Kon-King','Morbi odio odio, elementum eu, interdum eu, tincidunt in, leo.','Daniele Goade',NULL,'+37258631226','vegetarian',NULL,NULL,NULL,NULL,NULL,50),(426,170,'location','Mitchell, Bechtelar and Ebert','Fusce consequat.','Lawton Wycherley','9982 Towne Drive','+37256712434','room',730,NULL,219,1189,NULL,NULL),(427,54,'entertainment','Abshire-Renner','Morbi porttitor lorem id ligula.','Thomasine Dando',NULL,'+37253321275',NULL,NULL,3,NULL,NULL,405,NULL),(428,112,'entertainment','Haag LLC','Quisque arcu libero, rutrum ac, lobortis vel, dapibus at, diam.','Leonelle Zellner',NULL,'+37259741263',NULL,NULL,1,NULL,NULL,213,NULL),(429,22,'catering','Kulas, Mayert and Doyle','Lorem ipsum dolor sit amet, consectetuer adipiscing elit.','Carson Sibery',NULL,'+37256050194','vegetarian',NULL,NULL,NULL,NULL,NULL,32),(430,199,'location','Satterfield and Sons',NULL,NULL,'11210 Norway Maple Park','+37254457676','park area',767,NULL,NULL,1323,NULL,NULL),(431,154,'catering','Bartoletti Inc','Nunc rhoncus dui vel sem.','Shannah Van Haeften',NULL,'+37251131148','mixed',NULL,NULL,NULL,NULL,NULL,16),(432,96,'entertainment','Moen and Sons','Donec semper sapien a libero.','Stefanie Gittens',NULL,'+37257751981',NULL,NULL,1,NULL,NULL,555,NULL),(433,172,'entertainment','Rice-Lindgren',NULL,NULL,NULL,'+37252148670',NULL,NULL,2,NULL,NULL,480,NULL),(434,80,'location','Morissette, Nicolas and Jacobs',NULL,NULL,'318 Armistice Drive','+37253517499','room',321,NULL,56,336,NULL,NULL),(435,96,'photographer','Moen and Sons','In quis justo.','Monti Pull',NULL,'+37250569246',NULL,NULL,NULL,77,1346,NULL,NULL),(436,134,'entertainment','Considine-Lang',NULL,NULL,NULL,'+37253832113',NULL,NULL,2,NULL,NULL,294,NULL),(437,193,'location','Boyer, Greenholt and Wehner',NULL,NULL,'4 Karstens Junction','+37254137320','park area',920,NULL,NULL,390,NULL,NULL),(438,48,'photographer','Cronin, Bahringer and Mills',NULL,NULL,NULL,'+37250191159',NULL,NULL,NULL,71,585,NULL,NULL),(439,59,'photographer','Ratke and Sons','Nullam sit amet turpis elementum ligula vehicula consequat.','Brennen Pyer',NULL,'+37257051347',NULL,NULL,NULL,195,1742,NULL,NULL),(440,172,'entertainment','Cubilia curae donec','Pellentesque ultrices mattis odio.','Kennan Longhirst',NULL,'+37250011382',NULL,NULL,1,NULL,NULL,180,NULL),(441,169,'catering','Balistreri-Schoen','Cras non velit nec nisi vulputate nonummy.','Wain Gurling',NULL,'+37254098179','vegetarian',NULL,NULL,NULL,NULL,NULL,30),(442,165,'entertainment','Ornare imperdiet sapien','Aenean sit amet justo.','Clovis Gresswell',NULL,'+37256860413',NULL,NULL,2,NULL,NULL,109,NULL),(443,84,'entertainment','Quam sollicitudin vitae','Duis bibendum.','Bernadina McMurdo',NULL,'+37250587362',NULL,NULL,1,NULL,NULL,882,NULL),(444,99,'location','Hartmann LLC',NULL,NULL,'9885 Service Pass','+37253363825','room',851,NULL,257,1142,NULL,NULL),(445,45,'catering','Anderson, McGlynn and Luettgen','In quis justo.','Randall Bridges',NULL,'+37251378250','mixed',NULL,NULL,NULL,NULL,NULL,18),(446,104,'location','Lang, Dare and Bailey',NULL,NULL,'83 Kings Park','+37257372562','park area',716,NULL,NULL,1197,NULL,NULL),(447,70,'entertainment','Schmitt, Johns and Gorczany','Nulla neque libero, convallis eget, eleifend luctus, ultricies eu, nibh.','Josepha Lamberth',NULL,'+37259602659',NULL,NULL,3,NULL,NULL,808,NULL),(448,62,'catering','Ullamcorper augue a',NULL,NULL,NULL,'+37257014527','mixed',NULL,NULL,NULL,NULL,NULL,42),(449,181,'entertainment','Faucibus','Nam ultrices, libero non mattis pulvinar, nulla pede ullamcorper augue, a suscipit nulla elit ac nulla.','Merv Alldred',NULL,'+37255125402',NULL,NULL,2,NULL,NULL,118,NULL),(450,197,'location','Kohler-King','Praesent id massa id nisl venenatis lacinia.','Karleen Dowsett','71 Dawn Plaza','+37254281729','room',139,NULL,57,344,NULL,NULL),(451,169,'entertainment','Balistreri-Schoen','Mauris sit amet eros.','Curcio Voules',NULL,'+37258107544',NULL,NULL,2,NULL,NULL,822,NULL),(452,126,'location','Grammes Group',NULL,NULL,'5852 Clemons Pass','+37252108338','park area',512,NULL,NULL,1233,NULL,NULL),(453,117,'photographer','Wolf-Anderson',NULL,NULL,NULL,'+37259296515',NULL,NULL,NULL,104,1276,NULL,NULL),(454,91,'entertainment','Kessler-Ankunding','Aliquam augue quam, sollicitudin vitae, consectetuer eget, rutrum at, lorem.','Rafferty Vannet',NULL,'+37257532179',NULL,NULL,1,NULL,NULL,688,NULL),(455,181,'entertainment','Dapibus','In hac habitasse platea dictumst.','Mirelle Adriano',NULL,'+37255841543',NULL,NULL,2,NULL,NULL,494,NULL),(456,178,'location','West-Balistreri','Phasellus in felis.','Fitz Chartres','772 Reinke Crossing','+37253826046','room',898,NULL,417,684,NULL,NULL),(457,21,'catering','Hane, Hansen and Zemlak',NULL,NULL,NULL,'+37255384905','vegetarian',NULL,NULL,NULL,NULL,NULL,47),(458,7,'photographer','Tortor',NULL,NULL,NULL,'+37256430671',NULL,NULL,NULL,154,922,NULL,NULL),(459,117,'location','Wolf-Anderson',NULL,NULL,'1653 Loomis Lane','+37259706995','room',457,NULL,425,596,NULL,NULL),(460,144,'entertainment','Herzog-Medhurst','Nulla neque libero, convallis eget, eleifend luctus, ultricies eu, nibh.','Valaree Chatteris',NULL,'+37258051147',NULL,NULL,3,NULL,NULL,928,NULL),(461,30,'photographer','Stiedemann, Stehr and Dare',NULL,NULL,NULL,'+37255960819',NULL,NULL,NULL,249,1390,NULL,NULL),(462,128,'photographer','Fadel-Conn',NULL,NULL,NULL,'+37254660768',NULL,NULL,NULL,99,1962,NULL,NULL),(463,4,'location','Sit amet diam','Integer non velit.','Bianca Goodge','8 Merchant Park','+37254324552','terrace',525,NULL,323,1644,NULL,NULL),(464,74,'location','Lorem id','Proin eu mi.','Thurstan Prahm','506 Helena Circle','+37257948802','back yard',820,NULL,200,501,NULL,NULL),(465,9,'catering','McDermott, Borer and Rowe','Nulla suscipit ligula in lacus.','Husain Donnelly',NULL,'+37253075528','vegetarian',NULL,NULL,NULL,NULL,NULL,27),(466,5,'catering','Diam nam tristique','Quisque porta volutpat erat.','Barny Weetch',NULL,'+37250569358','mixed',NULL,NULL,NULL,NULL,NULL,35),(467,86,'location','Bauch Inc',NULL,NULL,'7755 Bartillon Alley','+37259101060','terrace',394,NULL,354,1522,NULL,NULL),(468,58,'location','Placerat',NULL,NULL,'1 Clarendon Plaza','+37254974089','park area',766,NULL,NULL,866,NULL,NULL),(469,146,'location','Grant and Sons','Aenean sit amet justo.','Alyda O\'Hoey','0032 Dwight Place','+37253877828','park area',510,NULL,NULL,974,NULL,NULL),(470,32,'location','Lesch, Doyle and Rath','Fusce consequat.','Devonna Lyte','4 Roxbury Crossing','+37252565305','room',400,NULL,61,367,NULL,NULL),(471,17,'entertainment','Orci',NULL,NULL,NULL,'+37259180144',NULL,NULL,2,NULL,NULL,861,NULL),(472,174,'location','Harris Inc',NULL,NULL,'6632 Oneill Park','+37259123490','room',771,NULL,177,1471,NULL,NULL),(473,126,'location','Grammes Group',NULL,NULL,'6334 Tomscot Park','+37257415498','room',761,NULL,231,1283,NULL,NULL),(474,140,'entertainment','Huel LLC',NULL,NULL,NULL,'+37258155826',NULL,NULL,3,NULL,NULL,915,NULL),(475,76,'entertainment','Wilkinson, Terry and Prohaska','Suspendisse ornare consequat lectus.','Raven Downe',NULL,'+37258040633',NULL,NULL,3,NULL,NULL,650,NULL),(476,136,'location','Massa',NULL,NULL,'8075 Messerschmidt Alley','+37257077619','park area',479,NULL,NULL,1250,NULL,NULL),(477,116,'location','Brown LLC',NULL,NULL,'192 Grasskamp Terrace','+37259211120','room',92,NULL,60,358,NULL,NULL),(478,166,'location','Dui',NULL,NULL,'0239 Iowa Lane','+37251514982','room',187,NULL,90,421,NULL,NULL),(479,35,'location','Sed vestibulum','Nunc purus.','Giorgio Bigglestone','575 Cascade Lane','+37256406891','room',104,NULL,49,294,NULL,NULL),(480,123,'location','Molestie hendrerit','Vivamus tortor.','Kelsey Winpenny','7483 Anthes Court','+37257378914','room',703,NULL,306,721,NULL,NULL),(481,24,'catering','Schuppe, Morissette and Langosh',NULL,NULL,NULL,'+37254646469','mixed',NULL,NULL,NULL,NULL,NULL,44),(482,45,'catering','Anderson, McGlynn and Luettgen','Proin leo odio, porttitor id, consequat in, consequat ut, nulla.','Hamil Gilson',NULL,'+37253305124','mixed',NULL,NULL,NULL,NULL,NULL,39),(483,57,'location','Roberts, Sporer and Wuckert','Nam tristique tortor eu pede.','Fredrick Hebbs','0647 Calypso Center','+37254636614','park area',609,NULL,NULL,1074,NULL,NULL),(484,140,'photographer','Huel LLC',NULL,NULL,NULL,'+37250218078',NULL,NULL,NULL,33,494,NULL,NULL),(485,50,'entertainment','Rippin, Spinka and Ullrich',NULL,NULL,NULL,'+37250093656',NULL,NULL,1,NULL,NULL,555,NULL),(486,35,'catering','O\'Kon-King','Maecenas tincidunt lacus at velit.','Berenice Kincaid',NULL,'+37250104799','mixed',NULL,NULL,NULL,NULL,NULL,45),(487,96,'catering','Moen and Sons','Vestibulum sed magna at nunc commodo placerat.','Rebecca McKeevers',NULL,'+37255897737','mixed',NULL,NULL,NULL,NULL,NULL,21),(488,82,'catering','Mayert LLC',NULL,NULL,NULL,'+37257883772','vegetarian',NULL,NULL,NULL,NULL,NULL,46),(489,193,'location','Boyer, Greenholt and Wehner','Duis consequat dui nec nisi volutpat eleifend.','Dede Di Boldi','58265 Beilfuss Road','+37258753831','park area',366,NULL,NULL,986,NULL,NULL),(490,159,'location','Donnelly Inc','Aliquam erat volutpat.','Faustine Cuddihy','463 Clove Lane','+37255545698','room',877,NULL,203,1413,NULL,NULL),(491,131,'photographer','Ac tellus semper','Aliquam quis turpis eget elit sodales scelerisque.','Sampson Blackborne',NULL,'+37253314386',NULL,NULL,NULL,174,1564,NULL,NULL),(492,106,'catering','McGlynn, Glover and Farrell','Praesent blandit.','Eddie Kem',NULL,'+37253112513','mixed',NULL,NULL,NULL,NULL,NULL,43),(493,69,'photographer','Grant Inc','Duis at velit eu est congue elementum.','Kora McKeurton',NULL,'+37256757141',NULL,NULL,NULL,154,1443,NULL,NULL),(494,140,'location','Huel LLC',NULL,NULL,'6 Marquette Trail','+37253436615','room',300,NULL,54,325,NULL,NULL),(495,94,'location','Trantow, Steuber and Corwin','Vestibulum ante ipsum primis in faucibus orci luctus et ultrices posuere cubilia Curae; Duis faucibus accumsan odio.','Harlene Jellings','65501 Canary Trail','+37259631411','room',927,NULL,168,1413,NULL,NULL),(496,123,'location','Collier-Langworth','Mauris sit amet eros.','Blayne Hukin','850 Sauthoff Point','+37252179592','room',481,NULL,106,1706,NULL,NULL),(497,195,'entertainment','Durgan Inc',NULL,NULL,NULL,'+37254718706',NULL,NULL,2,NULL,NULL,309,NULL),(498,130,'entertainment','Haley and Sons','Nam congue, risus semper porta volutpat, quam pede lobortis ligula, sit amet eleifend pede libero quis orci.','Wendye Matthiesen',NULL,'+37256323734',NULL,NULL,1,NULL,NULL,183,NULL),(499,164,'entertainment','A',NULL,NULL,NULL,'+37250597604',NULL,NULL,1,NULL,NULL,145,NULL),(500,143,'entertainment','Erdman LLC','Phasellus sit amet erat.','Dael Brookton',NULL,'+37252013487',NULL,NULL,2,NULL,NULL,442,NULL);
/*!40000 ALTER TABLE `service` ENABLE KEYS */;
UNLOCK TABLES;

--
-- Table structure for table `service_provider`
--

DROP TABLE IF EXISTS `service_provider`;
/*!40101 SET @saved_cs_client     = @@character_set_client */;
/*!50503 SET character_set_client = utf8mb4 */;
CREATE TABLE `service_provider` (
  `service_provider_ID` int(11) NOT NULL AUTO_INCREMENT,
  `company_name` text,
  `VAT` text,
  `address` text,
  `contact_person` text,
  `phone` text,
  `email` text,
  PRIMARY KEY (`service_provider_ID`)
) ENGINE=InnoDB AUTO_INCREMENT=201 DEFAULT CHARSET=latin1;
/*!40101 SET character_set_client = @saved_cs_client */;

--
-- Dumping data for table `service_provider`
--

LOCK TABLES `service_provider` WRITE;
/*!40000 ALTER TABLE `service_provider` DISABLE KEYS */;
INSERT INTO `service_provider` VALUES (1,'Gorar and Sons','EE432609980','52 Gerald Road','Lou Komorowski','+37257873781','lkomorowski0@japanpost.jp'),(2,'Keebler LLC','EE604040746','167 Homewood Junction','Cherilyn Cranna','+37256661587','ccranna1@cpanel.net'),(3,'Crooks, Batz and Blick','EE563141877','4128 Corben Point','Barty Latta','+37258707568','blatta2@de.vu'),(4,'Heidenreich, Sauer and Gerhold','EE676030441','048 Westport Trail','Thalia Rodden','+37253637198','trodden3@archive.org'),(5,'Ondricka, Langworth and Wyman','EE252861691','6 Ruskin Point','Carmine Swancock','+37258226618','cswancock4@w3.org'),(6,'Bogan LLC','EE403401308','2755 Kings Court',NULL,'+37257945463','cmacdiarmond5@angelfire.com'),(7,'Deckow-Wyman','EE151272323','16 Shopko Place',NULL,'+37250021806','rhutchinges6@dagondesign.com'),(8,'Volkman LLC','EE278040868','6819 Hollow Ridge Junction','Anabal Nosworthy','+37256778319','anosworthy7@storify.com'),(9,'McDermott, Borer and Rowe','EE064587409','73160 Clyde Gallagher Alley','Lindi Deem','+37250631824','ldeem8@bbc.co.uk'),(10,'DuBuque-Schneider','EE598531006','286 Melrose Plaza','Christiane Ussher','+37250697966','cussher9@msn.com'),(11,'Jacobs-Boyle','EE808799886','3937 Brentwood Parkway','Mela Emms','+37256233919','memmsa@barnesandnoble.com'),(12,'Muller, Leannon and Runolfsdottir','EE213659033','6 Monica Alley','Murvyn Goold','+37257316057','mgooldb@yolasite.com'),(13,'Leannon, Zemlak and Kautzer','EE214339972','24930 Dorton Lane','Gannie Kelson','+37257947400','gkelsonc@redcross.org'),(14,'Hintz, Von and Wiza','EE782117730','8 Stoughton Drive',NULL,'+37259920870','apiersd@yahoo.co.jp'),(15,'Ledner, Gerhold and Gleichner','EE477196188','64 Northridge Crossing','Barny Duguid','+37259481755','bduguide@opensource.org'),(16,'Block, Gutkowski and Hilpert','EE526521800','19 Butterfield Way','Margaretta Loadsman','+37250484200','mloadsmanf@hubpages.com'),(17,'Zboncak-Marquardt','EE504242373','9 Esch Circle','Reynold Masterson','+37254221039','rmastersong@elpais.com'),(18,'Ratke, Herman and Keeling','EE689800039','37651 Southridge Alley','Arne Angeli','+37252485891','aangelih@hugedomains.com'),(19,'Frami-Koch','EE329424318','3 Gateway Way','Dawna Stanesby','+37250656550','dstanesbyi@jiathis.com'),(20,'Macejkovic Group','EE754989731','023 Ramsey Trail','El Deeming','+37252914281','edeemingj@gizmodo.com'),(21,'Hane, Hansen and Zemlak','EE891389889','1 Barnett Lane','Clem Bice','+37253014992','cbicek@jiathis.com'),(22,'Kulas, Mayert and Doyle','EE503329274','01 Paget Pass','Arnuad Owenson','+37256830264','aowensonl@intel.com'),(23,'Ortiz-Blick','EE903612320','14 Green Ridge Place','Germain Luna','+37250804736','glunam@adobe.com'),(24,'Schuppe, Morissette and Langosh','EE946420445','10 Anzinger Lane','Claudina Macauley','+37259098686','cmacauleyn@slideshare.net'),(25,'Mante LLC','EE726032689','18546 Oriole Trail','Tab MacDowall','+37257139176','tmacdowallo@umich.edu'),(26,'Kuhn-Dooley','EE575509344','4 Spohn Way','Nelson Mollen','+37259546701','nmollenp@unicef.org'),(27,'Stamm, Abbott and Spinka','EE618965487','2 Clemons Circle',NULL,'+37254503522','ebochq@wsj.com'),(28,'Bins-O\'Connell','EE887929106','92 Morrow Place','Neille Lewtey','+37255102966','nlewteyr@wired.com'),(29,'Mayert-Wiegand','EE187209461','6771 Linden Way','Nicky Stirzaker','+37255364211','nstirzakers@163.com'),(30,'Stiedemann, Stehr and Dare','EE028579126','436 Dakota Junction','Ann Lillico','+37257227163','alillicot@economist.com'),(31,'O\'Hara-Abshire','EE501782541','2965 Carberry Court','Aron Broadbere','+37255325206','abroadbereu@skyrock.com'),(32,'Lesch, Doyle and Rath','EE325163391','5281 Claremont Point','Bernelle Macallam','+37256143865','bmacallamv@themeforest.net'),(33,'Morissette-Reinger','EE045199096','0719 Bayside Center','Halette Roelofs','+37255199717','hroelofsw@i2i.jp'),(34,'West Group','EE674960069','82 Westend Point','Ashli Bewfield','+37259822509','abewfieldx@bing.com'),(35,'O\'Kon-King','EE913283360','6402 Sycamore Street','Noll Longson','+37255027047','nlongsony@ca.gov'),(36,'Dicki, Howell and Mertz','EE535706854','200 Rowland Trail','Loralee Moreton','+37258638516','lmoretonz@xing.com'),(37,'Littel-Muller','EE415135028','66 Aberg Court','Gill Meininking','+37253218771','gmeininking10@reuters.com'),(38,'Prosacco, Bergstrom and Dare','EE973121253','8656 Shoshone Drive','Eugen Domino','+37255594604','edomino11@mozilla.com'),(39,'Reinger Inc','EE486550509','4 Loftsgordon Park','Belvia Goudge','+37257314737','bgoudge12@reverbnation.com'),(40,'Schultz-Brakus','EE028964154','7 Anniversary Circle','Karee Cassin','+37255336719','kcassin13@omniture.com'),(41,'Altenwerth Inc','EE971409360','9988 Anhalt Avenue','Chauncey Reavell','+37257814115','creavell14@walmart.com'),(42,'Sanford, Crona and Mertz','EE723938788','9768 Artisan Circle','Tillie Mordaunt','+37251370466','tmordaunt15@abc.net.au'),(43,'Parker, Rutherford and Klocko','EE751307815','93 Scoville Center',NULL,'+37257955986','rprendiville16@bizjournals.com'),(44,'Heller Inc','EE828391408','612 Cardinal Road','Ave Mollin','+37251967372','amollin17@ox.ac.uk'),(45,'Anderson, McGlynn and Luettgen','EE020011288','57008 Acker Street','Rosie Muckeen','+37258354425','rmuckeen18@live.com'),(46,'Carter-Hilpert','EE545210916','23 Manitowish Alley','Constancy Lean','+37250907998','clean19@theguardian.com'),(47,'Leffler-Barton','EE048879500','326 Lillian Way','Atlanta Gerard','+37251777213','agerard1a@ocn.ne.jp'),(48,'Cronin, Bahringer and Mills','EE680018919','39541 Mccormick Trail','Georgianne Petters','+37254635485','gpetters1b@topsy.com'),(49,'Stoltenberg-Cartwright','EE994619680','1371 Tennyson Plaza','Hazlett Fillimore','+37253654158','hfillimore1c@washington.edu'),(50,'Rippin, Spinka and Ullrich','EE645035548','6830 Becker Avenue','Rosalinda Burchell','+37253057553','rburchell1d@unblog.fr'),(51,'Skiles-Huels','EE057401388','81821 Stoughton Hill','Nanni Bastian','+37251043352','nbastian1e@auda.org.au'),(52,'Dare, Morissette and Gaylord','EE841181127','0639 Roth Crossing','Eldon Crumly','+37250899996','ecrumly1f@weebly.com'),(53,'Veum and Sons','EE257633091','35383 Cody Drive','Milo Blare','+37256938217','mblare1g@timesonline.co.uk'),(54,'Abshire-Renner','EE289128382','28 Knutson Park','Judye Smalley','+37254375250','jsmalley1h@blogspot.com'),(55,'Morar and Sons','EE355395395','920 Bunker Hill Road','Jacenta Cramp','+37255150934','jcramp1i@xrea.com'),(56,'Bartoletti, Goyette and Hermiston','EE710971344','9 Oxford Court','Clo Attack','+37258290858','cattack1j@cdbaby.com'),(57,'Roberts, Sporer and Wuckert','EE397230210','880 Quincy Alley','Valli Scotney','+37254187918','vscotney1k@google.nl'),(58,'Murazik, Muller and Gibson','EE626815527','52568 Buhler Road','Zitella MacNair','+37257459329','zmacnair1l@ucoz.ru'),(59,'Ratke and Sons','EE230611021','4 Oak Plaza','Urbano Proffitt','+37256109499','uproffitt1m@cafepress.com'),(60,'Hammes Group','EE734058242','99329 Bashford Terrace','Glynnis Readitt','+37251548440','greaditt1n@4shared.com'),(61,'Beahan, Mayer and Larkin','EE976683621','84 Scofield Park','Kiley Whysall','+37251765583','kwhysall1o@theatlantic.com'),(62,'Welch, Koepp and Romaguera','EE311639765','90606 Arapahoe Trail','Malanie Clutten','+37253618038','mclutten1p@usnews.com'),(63,'Kessler-Kirlin','EE724088399','1 Graedel Point','Mahmoud Blewitt','+37259701528','mblewitt1q@vk.com'),(64,'Tremblay-Ullrich','EE974275088','55638 Drewry Point','Samson Gerbel','+37259678321','sgerbel1r@auda.org.au'),(65,'Emard and Sons','EE070439474','132 Little Fleur Parkway','William Hencke','+37259844286','whencke1s@europa.eu'),(66,'Labadie, Jast and Skiles','EE902231704','55 Hoffman Junction','Karna Tuxell','+37258380414','ktuxell1t@google.com.br'),(67,'Vandervort-Rau','EE885062713','1778 Talmadge Crossing','Teddy Glamart','+37257411800','tglamart1u@tinyurl.com'),(68,'Emard-Grimes','EE288190668','8 Ryan Avenue','May Ovitz','+37255286596','movitz1v@bluehost.com'),(69,'Grant Inc','EE518986889','63227 Bashford Point',NULL,'+37251779950','mpolye1w@marketwatch.com'),(70,'Schmitt, Johns and Gorczany','EE458599243','06232 Elgar Parkway','Cletus Roz','+37255137303','croz1x@lulu.com'),(71,'Wisozk Inc','EE708113918','81 Sachtjen Place','Daniela Rait','+37255156068','drait1y@technorati.com'),(72,'Ortiz-Connelly','EE206221150','3055 Fair Oaks Place',NULL,'+37255591757','lgilhooly1z@prweb.com'),(73,'Ledner, Ruecker and Abbott','EE677023904','81 West Way','Starlin Truett','+37251350184','struett20@nydailynews.com'),(74,'Kiehn and Sons','EE073828751','96459 Green Ridge Trail','Augy Cristofaro','+37258663981','acristofaro21@1und1.de'),(75,'Witting Inc','EE139796745','66366 Thackeray Park','Lilyan Devereu','+37256047048','ldevereu22@google.com.br'),(76,'Wilkinson, Terry and Prohaska','EE053865611','70 Dennis Point','Kermit Orae','+37253122596','korae23@utexas.edu'),(77,'Lang, Sauer and Dibbert','EE646843518','08465 Sunfield Center','Antony Ray','+37253366681','aray24@livejournal.com'),(78,'Luettgen LLC','EE945941264','69 Nevada Avenue','Kennedy Bricksey','+37256672024','kbricksey25@pbs.org'),(79,'Mertz LLC','EE050736096','90489 Northwestern Parkway','Leanora Girardot','+37258144442','lgirardot26@bing.com'),(80,'Morissette, Nicolas and Jacobs','EE956709492','8840 Manufacturers Parkway',NULL,'+37252932720','atafani27@usatoday.com'),(81,'Corkery, Ryan and Predovic','EE774504562','9245 Derek Road','Christean Pauletti','+37255229561','cpauletti28@mayoclinic.com'),(82,'Mayert LLC','EE122815683','6 Dunning Parkway','Nedda Faulkner','+37255564342','nfaulkner29@irs.gov'),(83,'Satterfield, Stokes and O\'Reilly','EE347758051','9215 Judy Court','Colline Fuzzens','+37253169649','cfuzzens2a@nasa.gov'),(84,'Rath, Rath and Boyle','EE154357359','053 Carioca Place','Roderich Moral','+37257407098','rmoral2b@shop-pro.jp'),(85,'Bahringer and Sons','EE920558558','88 Eliot Lane',NULL,'+37259062513','jselbach2c@alibaba.com'),(86,'Bauch Inc','EE350811459','22 Sutherland Crossing','Viole Benedidick','+37251634998','vbenedidick2d@livejournal.com'),(87,'Schiller, Swift and Funk','EE316570296','681 Laurel Drive','Berny Lalley','+37258194714','blalley2e@163.com'),(88,'Stracke, Von and Bins','EE369113491','692 Atwood Junction','Salomon Virgo','+37250853606','svirgo2f@bluehost.com'),(89,'Glover, Bayer and Terry','EE680732315','29443 Porter Point',NULL,'+37259745457','wsaleway2g@google.de'),(90,'Tromp Group','EE806548999','778 Pennsylvania Way','Nadia Marriott','+37250223479','nmarriott2h@jalbum.net'),(91,'Kessler-Ankunding','EE676423769','26 Grasskamp Alley',NULL,'+37251976297','hbordone2i@archive.org'),(92,'Torphy Group','EE736130158','45995 Hintze Hill','Roseann Trunchion','+37253113710','rtrunchion2j@who.int'),(93,'Stanton, Conroy and Hand','EE318234028','06 Chive Junction','Goran Costall','+37258064221','gcostall2k@multiply.com'),(94,'Trantow, Steuber and Corwin','EE642406413','1772 Veith Lane','Rosaline Bagehot','+37251346821','rbagehot2l@tumblr.com'),(95,'Durgan LLC','EE942980878','53694 Waxwing Trail',NULL,'+37259802024','tlenthall2m@youtu.be'),(96,'Moen and Sons','EE939500070','37964 Pepper Wood Plaza','Shani Tombleson','+37251046472','stombleson2n@last.fm'),(97,'Upton, Hermiston and Purdy','EE333729025','63 Stoughton Point','Jami Baltzar','+37254997494','jbaltzar2o@stanford.edu'),(98,'Klein, Lindgren and Lynch','EE771962333','507 Colorado Lane','Stoddard Brownhill','+37258480475','sbrownhill2p@e-recht24.de'),(99,'Hartmann LLC','EE537876235','1 Maple Wood Court','Doreen Worgan','+37250974635','dworgan2q@discuz.net'),(100,'Stracke-Wuckert','EE345065495','9 Eliot Center','Zolly Girton','+37254715933','zgirton2r@ezinearticles.com'),(101,'Crist and Sons','EE209140072','09 Bay Crossing','Leontyne Nodin','+37259572103','lnodin2s@ca.gov'),(102,'Medhurst-Sanford','EE240416424','1 Di Loreto Lane','Mahalia Getcliff','+37254949593','mgetcliff2t@salon.com'),(103,'VonRueden-Durgan','EE527418310','74 Melody Place','Electra Poletto','+37255909465','epoletto2u@sina.com.cn'),(104,'Lang, Dare and Bailey','EE777684540','1151 Dayton Point','Edan Aristide','+37252055501','earistide2v@is.gd'),(105,'Larkin LLC','EE332848782','42 Hagan Point','Robinetta Bradley','+37252178500','rbradley2w@pinterest.com'),(106,'McGlynn, Glover and Farrell','EE386333977','24912 Golden Leaf Center','Eadmund Radley','+37258815344','eradley2x@google.es'),(107,'Johnston-Donnelly','EE949714138','175 Muir Parkway','Emmeline Geane','+37251907134','egeane2y@washington.edu'),(108,'Waelchi, Cronin and Nolan','EE531630604','1601 Browning Center','Koralle Brunesco','+37250817902','kbrunesco2z@globo.com'),(109,'Herman-Deckow','EE157723417','1 Bowman Pass','Kim Dewire','+37254191842','kdewire30@ehow.com'),(110,'Botsford-Beahan','EE869318272','2 3rd Pass','Ginger Stanyland','+37257159283','gstanyland31@multiply.com'),(111,'Swaniawski, Harvey and Paucek','EE815432532','5 Truax Plaza','Edy Josefsson','+37250933849','ejosefsson32@state.gov'),(112,'Haag LLC','EE008272760','257 Sycamore Park','Belita Leadstone','+37257482921','bleadstone33@amazon.com'),(113,'Hegmann-Schmeler','EE151631948','0613 8th Avenue','Earle Reiners','+37252737766','ereiners34@oaic.gov.au'),(114,'Zemlak, Emard and Lueilwitz','EE376960460','635 Manufacturers Drive','Kahlil Dhenin','+37256327208','kdhenin35@studiopress.com'),(115,'Auer Group','EE996559176','052 Emmet Trail','Baillie Wastall','+37254922985','bwastall36@lycos.com'),(116,'Brown LLC','EE418168792','725 Jay Junction','Coretta Petow','+37254030322','cpetow37@comcast.net'),(117,'Wolf-Anderson','EE081332766','48185 Dennis Point','Stefanie Trodd','+37254965600','strodd38@wunderground.com'),(118,'Crist, Schaefer and Ledner','EE833557289','8 Basil Street',NULL,'+37251488671','jconeron39@51.la'),(119,'Bauch Group','EE501192486','8811 Esch Place','Sarina Erskine Sandys','+37254675003','serskine3a@shareasale.com'),(120,'Zulauf, Schimmel and Boyer','EE068726134','1372 Ludington Parkway','Benoite Woodhead','+37258272135','bwoodhead3b@accuweather.com'),(121,'Stokes-Yundt','EE567722742','7827 Ruskin Avenue','Rana Novotni','+37259889390','rnovotni3c@taobao.com'),(122,'Sipes Inc','EE057810355','809 Butterfield Lane','Robena Braunstein','+37255795500','rbraunstein3d@weather.com'),(123,'Collier-Langworth','EE603491510','19442 Grasskamp Crossing','Brianna Hatchell','+37258775874','bhatchell3e@fastcompany.com'),(124,'Roberts-West','EE679516489','815 Cherokee Plaza','Aldous Bothams','+37252878717','abothams3f@gov.uk'),(125,'Gaylord and Sons','EE528787942','80 Mcbride Lane','Arvie Dossit','+37257354930','adossit3g@mtv.com'),(126,'Grammes Group','EE551645760','68 Bunker Hill Crossing','Etty Pepperell','+37258855700','epepperell3h@wordpress.org'),(127,'Lang-Watsica','EE008740239','8498 Myrtle Pass','Maryjane Byres','+37250550789','mbyres3i@baidu.com'),(128,'Fadel-Conn','EE420439586','82 Loomis Street','Jessalyn Leacock','+37256528271','jleacock3j@csmonitor.com'),(129,'Gleichner Group','EE466737033','35808 Sommers Pass','Karia McKeag','+37257889550','kmckeag3k@homestead.com'),(130,'Haley and Sons','EE368426146','36180 Luster Street','Zebadiah Rikard','+37259810553','zrikard3l@boston.com'),(131,'VonRueden, Tremblay and O\'Kon','EE075122215','12529 Hansons Parkway','Miguela Dellenbroker','+37259843723','mdellenbroker3m@house.gov'),(132,'Schaefer, Senger and Pouros','EE466130744','846 Browning Street',NULL,'+37250642534','wdeville3n@washingtonpost.com'),(133,'Abshire and Sons','EE630933135','97265 Barnett Terrace','Issiah Antic','+37256876631','iantic3o@nhs.uk'),(134,'Considine-Lang','EE054537053','9 Crest Line Place','Keefer Matteoni','+37259696806','kmatteoni3p@scientificamerican.com'),(135,'Langworth-Thiel','EE060442068','9754 Gateway Point','Pavel Drescher','+37254171556','pdrescher3q@state.tx.us'),(136,'Bogan-Reilly','EE528322810','009 Maple Road','Lulita Hayzer','+37259599814','lhayzer3r@skype.com'),(137,'Harris-Pollich','EE057409819','891 Stone Corner Point','Gav Scaysbrook','+37252043724','gscaysbrook3s@npr.org'),(138,'Dooley, Runolfsdottir and Hermann','EE454780279','7637 Pearson Way',NULL,'+37259375161','mlysons3t@netlog.com'),(139,'Effertz, Miller and Auer','EE770958503','94407 5th Parkway','Elmira Akhurst','+37255393559','eakhurst3u@tiny.cc'),(140,'Huel LLC','EE296203429','9 Warbler Center','Luise MacGiffin','+37259127217','lmacgiffin3v@lulu.com'),(141,'Harvey-Gislason','EE131471011','04450 Cody Plaza','Merrill Waring','+37251950580','mwaring3w@bbb.org'),(142,'Ratke-Gibson','EE045592336','0 Crest Line Way','Valentine McChruiter','+37251092590','vmcchruiter3x@xing.com'),(143,'Erdman LLC','EE814651497','859 Dorton Park','Lutero Kemer','+37253793148','lkemer3y@yandex.ru'),(144,'Herzog-Medhurst','EE889591263','47294 Superior Hill','Dottie Haddrell','+37258401238','dhaddrell3z@europa.eu'),(145,'Durgan, Powlowski and Stehr','EE261996052','870 Hoffman Pass','Lavinia Carayol','+37254409669','lcarayol40@nyu.edu'),(146,'Grant and Sons','EE764682012','99 Ramsey Terrace','Kurtis Mattusevich','+37252807450','kmattusevich41@icq.com'),(147,'Swaniawski Group','EE165525951','96150 Buell Drive','Marten Stichall','+37252007334','mstichall42@telegraph.co.uk'),(148,'Gleichner-Ondricka','EE613127062','0 Weeping Birch Street','Prue Van Der Weedenburg','+37254374260','pvan43@tuttocitta.it'),(149,'Cummings, Flatley and Champlin','EE334304316','60 Banding Hill','Estell Simonel','+37255482385','esimonel44@privacy.gov.au'),(150,'Gibson, Corwin and Feil','EE888722471','91 Eliot Drive','Reggis Ellicock','+37256387238','rellicock45@nasa.gov'),(151,'Swift-Rosenbaum','EE493446201','72927 Summerview Avenue','Timmie Blackah','+37254630243','tblackah46@redcross.org'),(152,'Pfeffer-Heller','EE344406750','6 Oak Alley','Sydney Setterthwait','+37252426969','ssetterthwait47@jigsy.com'),(153,'Swift, Toy and O\'Keefe','EE576129619','76803 Village Green Way','Colin Ollis','+37258164904','collis48@bravesites.com'),(154,'Bartoletti Inc','EE332134437','950 Pawling Park','Templeton Boshers','+37257757559','tboshers49@independent.co.uk'),(155,'Gislason, Mayer and Kihn','EE610800727','42 Emmet Park','Karalee Brashaw','+37254303005','kbrashaw4a@google.ru'),(156,'Runolfsson LLC','EE660535745','057 Mallard Center','Giusto Brainsby','+37255016627','gbrainsby4b@berkeley.edu'),(157,'Ebert Group','EE451961087','41 Browning Pass','Bren Delacote','+37251947274','bdelacote4c@gmpg.org'),(158,'Volkman, Block and Zieme','EE165110627','3 Loftsgordon Alley','Hayward Martell','+37251216452','hmartell4d@nymag.com'),(159,'Donnelly Inc','EE492611545','45 Memorial Hill','Zechariah Isaksen','+37258954660','zisaksen4e@wordpress.org'),(160,'Lakin, Rowe and Romaguera','EE167009601','55352 Heffernan Place','Ambrose Dabel','+37254078964','adabel4f@sfgate.com'),(161,'Leuschke, Ritchie and Walter','EE505587521','638 Delaware Center','Ruggiero Osbidston','+37251176380','rosbidston4g@yolasite.com'),(162,'Hermann, Ullrich and Jaskolski','EE589802112','85 Northfield Alley','Giraud Jarvis','+37253805392','gjarvis4h@admin.ch'),(163,'Grant-Carroll','EE704199029','83 Hayes Way','Kai Woolam','+37255829612','kwoolam4i@google.com.hk'),(164,'Bogan-Hettinger','EE534865738','679 Porter Center','Derwin Grcic','+37253413932','dgrcic4j@intel.com'),(165,'Kulas-Doyle','EE970183966','5 Kim Alley','Raimondo Forlonge','+37251690333','rforlonge4k@vimeo.com'),(166,'Koepp, Hilll and Harvey','EE972334611','24399 Hallows Trail','Ninon Leschelle','+37254850989','nleschelle4l@bing.com'),(167,'Rau and Sons','EE700964848','4653 Independence Court','Joellen Rodda','+37257651751','jrodda4m@merriam-webster.com'),(168,'Powlowski-Hilll','EE236117000','4 Straubel Park','Tate Loram','+37256652843','tloram4n@vinaora.com'),(169,'Balistreri-Schoen','EE491586730','71524 Commercial Avenue','Milena Caig','+37255721249','mcaig4o@exblog.jp'),(170,'Mitchell, Bechtelar and Ebert','EE934580713','9268 Hazelcrest Avenue','Giorgia Divis','+37258374311','gdivis4p@blogger.com'),(171,'Boehm-Heidenreich','EE592887880','061 Starling Lane','Augustine Massinger','+37258735104','amassinger4q@woothemes.com'),(172,'Rice-Lindgren','EE853142706','228 Brown Plaza',NULL,'+37251929504','smanders4r@webmd.com'),(173,'Bergstrom-Nolan','EE939283738','2 Kingsford Way','Celestine Deverick','+37250811431','cdeverick4s@aboutads.info'),(174,'Harris Inc','EE843871891','89 Mcbride Parkway','Gaspar Pelling','+37257564929','gpelling4t@huffingtonpost.com'),(175,'Windler Group','EE163178072','99 Straubel Pass','Sloane Motto','+37257018613','smotto4u@twitter.com'),(176,'Ledner, Terry and Rohan','EE763464298','95 Bultman Lane','Pauly Barabich','+37254237762','pbarabich4v@cbc.ca'),(177,'Rodriguez Group','EE927860553','63493 Del Mar Place','Merrilee Armistead','+37257190860','marmistead4w@unblog.fr'),(178,'West-Balistreri','EE420747083','7608 Northfield Parkway','Susanna Lanning','+37258787660','slanning4x@illinois.edu'),(179,'Reinger LLC','EE443268220','15872 Darwin Crossing',NULL,'+37255477081','xmalam4y@nydailynews.com'),(180,'Block-Parisian','EE083842792','545 Westerfield Drive','Cristian Byron','+37259685088','cbyron4z@canalblog.com'),(181,'Gleichner-Bradtke','EE328054475','368 Grim Circle','Richart Scamaden','+37256789665','rscamaden50@loc.gov'),(182,'Stehr LLC','EE280090426','2425 Hanson Park','Maribeth Coit','+37258831525','mcoit51@163.com'),(183,'Spencer-Runte','EE061137803','75216 Schlimgen Parkway','Laurella Mowson','+37254164808','lmowson52@icio.us'),(184,'Pacocha, Lynch and Ritchie','EE011990910','8 Clove Street','Langston Barrett','+37251868686','lbarrett53@pbs.org'),(185,'Conn-Schinner','EE144748206','50432 Kings Terrace','Dario Shelper','+37251485510','dshelper54@wordpress.com'),(186,'Hahn and Sons','EE892100533','45 Hauk Lane','Codi Rooms','+37254667629','crooms55@apple.com'),(187,'Gibson-Kling','EE464893646','5 Lotheville Pass','Eugene Wildash','+37253192356','ewildash56@addtoany.com'),(188,'Rath LLC','EE661069179','2 East Center','Nananne Bockin','+37259293561','nbockin57@auda.org.au'),(189,'Walker Inc','EE822799429','8580 Saint Paul Trail','Eadmund Chittenden','+37257728736','echittenden58@e-recht24.de'),(190,'Bosco, Gerlach and Reynolds','EE004770200','137 Colorado Parkway','Lilian Nockolds','+37250753313','lnockolds59@geocities.com'),(191,'Kub, Block and Fadel','EE836809076','63 Kropf Hill','Page Wimpeney','+37256968027','pwimpeney5a@e-recht24.de'),(192,'Swift-Pagac','EE222207404','3829 Nancy Court','Ruthann Birds','+37258288902','rbirds5b@1688.com'),(193,'Boyer, Greenholt and Wehner','EE057931962','5993 Clarendon Terrace','Hort Rheubottom','+37258369107','hrheubottom5c@prnewswire.com'),(194,'Barton-Kertzmann','EE946237676','63471 Schurz Trail','Olivero Newgrosh','+37253239210','onewgrosh5d@huffingtonpost.com'),(195,'Durgan Inc','EE621974416','4153 Sutteridge Parkway','Michale Culverhouse','+37257610790','mculverhouse5e@fastcompany.com'),(196,'Zieme LLC','EE713336452','3916 Arizona Center','Xymenes Jeffs','+37255424657','xjeffs5f@privacy.gov.au'),(197,'Kohler-King','EE347454215','74870 Westridge Pass','Trix Birtonshaw','+37252743447','tbirtonshaw5g@zdnet.com'),(198,'Abernathy, Upton and Reichel','EE034179306','4 Manitowish Point','Gar Chawner','+37252662656','gchawner5h@squarespace.com'),(199,'Satterfield and Sons','EE781553540','4 Waxwing Terrace','Caesar Hugnot','+37257886257','chugnot5i@printfriendly.com'),(200,'Dooley Group','EE052359676','01976 6th Trail','Demetra Dorking','+37254005996','ddorking5j@phpbb.com');
/*!40000 ALTER TABLE `service_provider` ENABLE KEYS */;
UNLOCK TABLES;

--
-- Dumping routines for database 'ie_test'
--
/*!40103 SET TIME_ZONE=@OLD_TIME_ZONE */;

/*!40101 SET SQL_MODE=@OLD_SQL_MODE */;
/*!40014 SET FOREIGN_KEY_CHECKS=@OLD_FOREIGN_KEY_CHECKS */;
/*!40014 SET UNIQUE_CHECKS=@OLD_UNIQUE_CHECKS */;
/*!40101 SET CHARACTER_SET_CLIENT=@OLD_CHARACTER_SET_CLIENT */;
/*!40101 SET CHARACTER_SET_RESULTS=@OLD_CHARACTER_SET_RESULTS */;
/*!40101 SET COLLATION_CONNECTION=@OLD_COLLATION_CONNECTION */;
/*!40111 SET SQL_NOTES=@OLD_SQL_NOTES */;

-- Dump completed on 2021-06-17 23:57:27
